Copyright 1986-2022 Xilinx, Inc. All Rights Reserved. Copyright 2022-2025 Advanced Micro Devices, Inc. All Rights Reserved.
------------------------------------------------------------------------------------------------------------------------------------------------------------------------------------------------------------------------------------------------------------------------
| Tool Version : Vivado v.2025.2 (win64) Build 6299465 Fri Nov 14 19:35:11 GMT 2025
| Date         : Sat Aug 15 11:09:02 2026
| Host         : Akshaj running 64-bit major release  (build 9200)
| Command      : report_timing_summary -max_paths 10 -report_unconstrained -warn_on_violation -file ras_fpga_top_timing_summary_postroute_physopted.rpt -pb ras_fpga_top_timing_summary_postroute_physopted.pb -rpx ras_fpga_top_timing_summary_postroute_physopted.rpx
| Design       : ras_fpga_top
| Device       : 7a100t-csg324
| Speed File   : -1  PRODUCTION 1.23 2018-06-13
| Design State : Physopt postRoute
------------------------------------------------------------------------------------------------------------------------------------------------------------------------------------------------------------------------------------------------------------------------

Timing Summary Report

------------------------------------------------------------------------------------------------
| Timer Settings
| --------------
------------------------------------------------------------------------------------------------

  Enable Multi Corner Analysis               :  Yes
  Enable Pessimism Removal                   :  Yes
  Pessimism Removal Resolution               :  Nearest Common Node
  Enable Input Delay Default Clock           :  No
  Enable Preset / Clear Arcs                 :  No
  Disable Flight Delays                      :  No
  Ignore I/O Paths                           :  No
  Timing Early Launch at Borrowing Latches   :  No
  Borrow Time for Max Delay Exceptions       :  Yes
  Merge Timing Exceptions                    :  Yes
  Inter-SLR Compensation                     :  Conservative

  Corner  Analyze    Analyze    
  Name    Max Paths  Min Paths  
  ------  ---------  ---------  
  Slow    Yes        Yes        
  Fast    Yes        Yes        


------------------------------------------------------------------------------------------------
| Report Methodology
| ------------------
------------------------------------------------------------------------------------------------

Rule       Severity  Description                    Violations  
---------  --------  -----------------------------  ----------  
TIMING-18  Warning   Missing input or output delay  5           

Note: This report is based on the most recent report_methodology run and may not be up-to-date. Run report_methodology on the current design for the latest report.



check_timing report

Table of Contents
-----------------
1. checking no_clock (0)
2. checking constant_clock (0)
3. checking pulse_width_clock (0)
4. checking unconstrained_internal_endpoints (0)
5. checking no_input_delay (1)
6. checking no_output_delay (3)
7. checking multiple_clock (0)
8. checking generated_clocks (0)
9. checking loops (0)
10. checking partial_input_delay (0)
11. checking partial_output_delay (0)
12. checking latch_loops (0)

1. checking no_clock (0)
------------------------
 There are 0 register/latch pins with no clock.


2. checking constant_clock (0)
------------------------------
 There are 0 register/latch pins with constant_clock.


3. checking pulse_width_clock (0)
---------------------------------
 There are 0 register/latch pins which need pulse_width check


4. checking unconstrained_internal_endpoints (0)
------------------------------------------------
 There are 0 pins that are not constrained for maximum delay.

 There are 0 pins that are not constrained for maximum delay due to constant clock.


5. checking no_input_delay (1)
------------------------------
 There is 1 input port with no input delay specified. (HIGH)

 There are 0 input ports with no input delay but user has a false path constraint.


6. checking no_output_delay (3)
-------------------------------
 There are 3 ports with no output delay specified. (HIGH)

 There are 0 ports with no output delay but user has a false path constraint

 There are 0 ports with no output delay but with a timing clock defined on it or propagating through it


7. checking multiple_clock (0)
------------------------------
 There are 0 register/latch pins with multiple clocks.


8. checking generated_clocks (0)
--------------------------------
 There are 0 generated clocks that are not connected to a clock source.


9. checking loops (0)
---------------------
 There are 0 combinational loops in the design.


10. checking partial_input_delay (0)
------------------------------------
 There are 0 input ports with partial input delay specified.


11. checking partial_output_delay (0)
-------------------------------------
 There are 0 ports with partial output delay specified.


12. checking latch_loops (0)
----------------------------
 There are 0 combinational latch loops in the design through latch input



------------------------------------------------------------------------------------------------
| Design Timing Summary
| ---------------------
------------------------------------------------------------------------------------------------

    WNS(ns)      TNS(ns)  TNS Failing Endpoints  TNS Total Endpoints      WHS(ns)      THS(ns)  THS Failing Endpoints  THS Total Endpoints     WPWS(ns)     TPWS(ns)  TPWS Failing Endpoints  TPWS Total Endpoints  
    -------      -------  ---------------------  -------------------      -------      -------  ---------------------  -------------------     --------     --------  ----------------------  --------------------  
      0.221        0.000                      0                 1496        0.106        0.000                      0                 1496        4.500        0.000                       0                   700  


All user specified timing constraints are met.


------------------------------------------------------------------------------------------------
| Clock Summary
| -------------
------------------------------------------------------------------------------------------------

Clock    Waveform(ns)       Period(ns)      Frequency(MHz)
-----    ------------       ----------      --------------
sys_clk  {0.000 5.000}      10.000          100.000         


------------------------------------------------------------------------------------------------
| Intra Clock Table
| -----------------
------------------------------------------------------------------------------------------------

Clock             WNS(ns)      TNS(ns)  TNS Failing Endpoints  TNS Total Endpoints      WHS(ns)      THS(ns)  THS Failing Endpoints  THS Total Endpoints     WPWS(ns)     TPWS(ns)  TPWS Failing Endpoints  TPWS Total Endpoints  
-----             -------      -------  ---------------------  -------------------      -------      -------  ---------------------  -------------------     --------     --------  ----------------------  --------------------  
sys_clk             0.221        0.000                      0                 1496        0.106        0.000                      0                 1496        4.500        0.000                       0                   700  


------------------------------------------------------------------------------------------------
| Inter Clock Table
| -----------------
------------------------------------------------------------------------------------------------

From Clock    To Clock          WNS(ns)      TNS(ns)  TNS Failing Endpoints  TNS Total Endpoints      WHS(ns)      THS(ns)  THS Failing Endpoints  THS Total Endpoints  
----------    --------          -------      -------  ---------------------  -------------------      -------      -------  ---------------------  -------------------  


------------------------------------------------------------------------------------------------
| Other Path Groups Table
| -----------------------
------------------------------------------------------------------------------------------------

Path Group    From Clock    To Clock          WNS(ns)      TNS(ns)  TNS Failing Endpoints  TNS Total Endpoints      WHS(ns)      THS(ns)  THS Failing Endpoints  THS Total Endpoints  
----------    ----------    --------          -------      -------  ---------------------  -------------------      -------      -------  ---------------------  -------------------  


------------------------------------------------------------------------------------------------
| User Ignored Path Table
| -----------------------
------------------------------------------------------------------------------------------------

Path Group    From Clock    To Clock    
----------    ----------    --------    


------------------------------------------------------------------------------------------------
| Unconstrained Path Table
| ------------------------
------------------------------------------------------------------------------------------------

Path Group    From Clock    To Clock    
----------    ----------    --------    
(none)        sys_clk                     
(none)                      sys_clk       


------------------------------------------------------------------------------------------------
| Timing Details
| --------------
------------------------------------------------------------------------------------------------


---------------------------------------------------------------------------------------------------
From Clock:  sys_clk
  To Clock:  sys_clk

Setup :            0  Failing Endpoints,  Worst Slack        0.221ns,  Total Violation        0.000ns
Hold  :            0  Failing Endpoints,  Worst Slack        0.106ns,  Total Violation        0.000ns
PW    :            0  Failing Endpoints,  Worst Slack        4.500ns,  Total Violation        0.000ns
---------------------------------------------------------------------------------------------------


Max Delay Paths
--------------------------------------------------------------------------------------
Slack (MET) :             0.221ns  (required time - arrival time)
  Source:                 adaptive_accelerator_inst/rl_utilization_reg[21]/C
                            (rising edge-triggered cell FDRE clocked by sys_clk  {rise@0.000ns fall@5.000ns period=10.000ns})
  Destination:            adaptive_accelerator_inst/active_pe_count_reg_reg[2]/D
                            (rising edge-triggered cell FDRE clocked by sys_clk  {rise@0.000ns fall@5.000ns period=10.000ns})
  Path Group:             sys_clk
  Path Type:              Setup (Max at Slow Process Corner)
  Requirement:            10.000ns  (sys_clk rise@10.000ns - sys_clk rise@0.000ns)
  Data Path Delay:        9.659ns  (logic 2.087ns (21.607%)  route 7.572ns (78.393%))
  Logic Levels:           11  (CARRY4=2 LUT2=1 LUT4=4 LUT5=1 LUT6=3)
  Clock Path Skew:        -0.117ns (DCD - SCD + CPR)
    Destination Clock Delay (DCD):    4.929ns = ( 14.929 - 10.000 ) 
    Source Clock Delay      (SCD):    5.305ns
    Clock Pessimism Removal (CPR):    0.259ns
  Clock Uncertainty:      0.035ns  ((TSJ^2 + TIJ^2)^1/2 + DJ) / 2 + PE
    Total System Jitter     (TSJ):    0.071ns
    Total Input Jitter      (TIJ):    0.000ns
    Discrete Jitter          (DJ):    0.000ns
    Phase Error              (PE):    0.000ns

    Location             Delay type                Incr(ns)  Path(ns)    Netlist Resource(s)
  -------------------------------------------------------------------    -------------------
                         (clock sys_clk rise edge)    0.000     0.000 r  
    E3                                                0.000     0.000 r  clk (IN)
                         net (fo=0)                   0.000     0.000    clk
    E3                   IBUF (Prop_ibuf_I_O)         1.482     1.482 r  clk_IBUF_inst/O
                         net (fo=1, routed)           2.025     3.506    clk_IBUF
    BUFGCTRL_X0Y16       BUFG (Prop_bufg_I_O)         0.096     3.602 r  clk_IBUF_BUFG_inst/O
                         net (fo=699, routed)         1.703     5.305    adaptive_accelerator_inst/CLK
    SLICE_X5Y113         FDRE                                         r  adaptive_accelerator_inst/rl_utilization_reg[21]/C
  -------------------------------------------------------------------    -------------------
    SLICE_X5Y113         FDRE (Prop_fdre_C_Q)         0.456     5.761 f  adaptive_accelerator_inst/rl_utilization_reg[21]/Q
                         net (fo=2, routed)           0.666     6.428    adaptive_accelerator_inst/rl_controller_inst/Q[20]
    SLICE_X5Y113         LUT4 (Prop_lut4_I0_O)        0.124     6.552 f  adaptive_accelerator_inst/rl_controller_inst/stored_state[3]_i_12/O
                         net (fo=1, routed)           0.581     7.133    adaptive_accelerator_inst/rl_controller_inst/stored_state[3]_i_12_n_0
    SLICE_X7Y112         LUT6 (Prop_lut6_I0_O)        0.124     7.257 f  adaptive_accelerator_inst/rl_controller_inst/stored_state[3]_i_9/O
                         net (fo=3, routed)           0.725     7.981    adaptive_accelerator_inst/rl_controller_inst/stored_state[3]_i_9_n_0
    SLICE_X6Y107         LUT6 (Prop_lut6_I4_O)        0.124     8.105 r  adaptive_accelerator_inst/rl_controller_inst/stored_state[3]_i_3/O
                         net (fo=4, routed)           0.970     9.076    adaptive_accelerator_inst/rl_controller_inst/state_encoder/A[0]
    SLICE_X7Y103         LUT4 (Prop_lut4_I0_O)        0.124     9.200 r  adaptive_accelerator_inst/rl_controller_inst/stored_state[1]_i_2/O
                         net (fo=97, routed)          1.376    10.576    adaptive_accelerator_inst/rl_controller_inst/stored_state[1]_i_2_n_0
    SLICE_X10Y95         LUT6 (Prop_lut6_I2_O)        0.124    10.700 r  adaptive_accelerator_inst/rl_controller_inst/max_next_q_reg[7]_i_9/O
                         net (fo=1, routed)           0.675    11.375    adaptive_accelerator_inst/rl_controller_inst/max_next_q_reg[7]_i_9_n_0
    SLICE_X10Y95         LUT5 (Prop_lut5_I2_O)        0.124    11.499 r  adaptive_accelerator_inst/rl_controller_inst/max_next_q_reg[7]_i_4/O
                         net (fo=9, routed)           1.009    12.508    adaptive_accelerator_inst/rl_controller_inst/q_table__127[7]
    SLICE_X9Y99          LUT4 (Prop_lut4_I3_O)        0.124    12.632 r  adaptive_accelerator_inst/rl_controller_inst/action2_carry_i_5/O
                         net (fo=1, routed)           0.000    12.632    adaptive_accelerator_inst/rl_controller_inst/action2_carry_i_5_n_0
    SLICE_X9Y99          CARRY4 (Prop_carry4_S[3]_CO[3])
                                                      0.401    13.033 r  adaptive_accelerator_inst/rl_controller_inst/action2_carry/CO[3]
                         net (fo=1, routed)           0.001    13.034    adaptive_accelerator_inst/rl_controller_inst/action2_carry_n_0
    SLICE_X9Y100         CARRY4 (Prop_carry4_CI_CO[3])
                                                      0.114    13.148 r  adaptive_accelerator_inst/rl_controller_inst/action2_carry__0/CO[3]
                         net (fo=19, routed)          0.944    14.092    adaptive_accelerator_inst/rl_controller_inst/action25_in
    SLICE_X8Y102         LUT2 (Prop_lut2_I1_O)        0.124    14.216 r  adaptive_accelerator_inst/rl_controller_inst/active_pe_count_reg[3]_i_3/O
                         net (fo=3, routed)           0.625    14.840    adaptive_accelerator_inst/rl_controller_inst_n_2
    SLICE_X9Y107         LUT4 (Prop_lut4_I2_O)        0.124    14.964 r  adaptive_accelerator_inst/active_pe_count_reg[2]_i_1/O
                         net (fo=1, routed)           0.000    14.964    adaptive_accelerator_inst/active_pe_count_reg[2]_i_1_n_0
    SLICE_X9Y107         FDRE                                         r  adaptive_accelerator_inst/active_pe_count_reg_reg[2]/D
  -------------------------------------------------------------------    -------------------

                         (clock sys_clk rise edge)   10.000    10.000 r  
    E3                                                0.000    10.000 r  clk (IN)
                         net (fo=0)                   0.000    10.000    clk
    E3                   IBUF (Prop_ibuf_I_O)         1.411    11.411 r  clk_IBUF_inst/O
                         net (fo=1, routed)           1.920    13.331    clk_IBUF
    BUFGCTRL_X0Y16       BUFG (Prop_bufg_I_O)         0.091    13.422 r  clk_IBUF_BUFG_inst/O
                         net (fo=699, routed)         1.507    14.929    adaptive_accelerator_inst/CLK
    SLICE_X9Y107         FDRE                                         r  adaptive_accelerator_inst/active_pe_count_reg_reg[2]/C
                         clock pessimism              0.259    15.188    
                         clock uncertainty           -0.035    15.153    
    SLICE_X9Y107         FDRE (Setup_fdre_C_D)        0.032    15.185    adaptive_accelerator_inst/active_pe_count_reg_reg[2]
  -------------------------------------------------------------------
                         required time                         15.185    
                         arrival time                         -14.964    
  -------------------------------------------------------------------
                         slack                                  0.221    

Slack (MET) :             0.427ns  (required time - arrival time)
  Source:                 adaptive_accelerator_inst/rl_utilization_reg[21]/C
                            (rising edge-triggered cell FDRE clocked by sys_clk  {rise@0.000ns fall@5.000ns period=10.000ns})
  Destination:            adaptive_accelerator_inst/active_pe_count_reg_reg[3]/D
                            (rising edge-triggered cell FDRE clocked by sys_clk  {rise@0.000ns fall@5.000ns period=10.000ns})
  Path Group:             sys_clk
  Path Type:              Setup (Max at Slow Process Corner)
  Requirement:            10.000ns  (sys_clk rise@10.000ns - sys_clk rise@0.000ns)
  Data Path Delay:        9.598ns  (logic 2.087ns (21.744%)  route 7.511ns (78.256%))
  Logic Levels:           11  (CARRY4=2 LUT2=1 LUT4=3 LUT5=1 LUT6=4)
  Clock Path Skew:        -0.019ns (DCD - SCD + CPR)
    Destination Clock Delay (DCD):    5.010ns = ( 15.010 - 10.000 ) 
    Source Clock Delay      (SCD):    5.305ns
    Clock Pessimism Removal (CPR):    0.276ns
  Clock Uncertainty:      0.035ns  ((TSJ^2 + TIJ^2)^1/2 + DJ) / 2 + PE
    Total System Jitter     (TSJ):    0.071ns
    Total Input Jitter      (TIJ):    0.000ns
    Discrete Jitter          (DJ):    0.000ns
    Phase Error              (PE):    0.000ns

    Location             Delay type                Incr(ns)  Path(ns)    Netlist Resource(s)
  -------------------------------------------------------------------    -------------------
                         (clock sys_clk rise edge)    0.000     0.000 r  
    E3                                                0.000     0.000 r  clk (IN)
                         net (fo=0)                   0.000     0.000    clk
    E3                   IBUF (Prop_ibuf_I_O)         1.482     1.482 r  clk_IBUF_inst/O
                         net (fo=1, routed)           2.025     3.506    clk_IBUF
    BUFGCTRL_X0Y16       BUFG (Prop_bufg_I_O)         0.096     3.602 r  clk_IBUF_BUFG_inst/O
                         net (fo=699, routed)         1.703     5.305    adaptive_accelerator_inst/CLK
    SLICE_X5Y113         FDRE                                         r  adaptive_accelerator_inst/rl_utilization_reg[21]/C
  -------------------------------------------------------------------    -------------------
    SLICE_X5Y113         FDRE (Prop_fdre_C_Q)         0.456     5.761 f  adaptive_accelerator_inst/rl_utilization_reg[21]/Q
                         net (fo=2, routed)           0.666     6.428    adaptive_accelerator_inst/rl_controller_inst/Q[20]
    SLICE_X5Y113         LUT4 (Prop_lut4_I0_O)        0.124     6.552 f  adaptive_accelerator_inst/rl_controller_inst/stored_state[3]_i_12/O
                         net (fo=1, routed)           0.581     7.133    adaptive_accelerator_inst/rl_controller_inst/stored_state[3]_i_12_n_0
    SLICE_X7Y112         LUT6 (Prop_lut6_I0_O)        0.124     7.257 f  adaptive_accelerator_inst/rl_controller_inst/stored_state[3]_i_9/O
                         net (fo=3, routed)           0.725     7.981    adaptive_accelerator_inst/rl_controller_inst/stored_state[3]_i_9_n_0
    SLICE_X6Y107         LUT6 (Prop_lut6_I4_O)        0.124     8.105 r  adaptive_accelerator_inst/rl_controller_inst/stored_state[3]_i_3/O
                         net (fo=4, routed)           0.970     9.076    adaptive_accelerator_inst/rl_controller_inst/state_encoder/A[0]
    SLICE_X7Y103         LUT4 (Prop_lut4_I0_O)        0.124     9.200 r  adaptive_accelerator_inst/rl_controller_inst/stored_state[1]_i_2/O
                         net (fo=97, routed)          1.376    10.576    adaptive_accelerator_inst/rl_controller_inst/stored_state[1]_i_2_n_0
    SLICE_X10Y95         LUT6 (Prop_lut6_I2_O)        0.124    10.700 r  adaptive_accelerator_inst/rl_controller_inst/max_next_q_reg[7]_i_9/O
                         net (fo=1, routed)           0.675    11.375    adaptive_accelerator_inst/rl_controller_inst/max_next_q_reg[7]_i_9_n_0
    SLICE_X10Y95         LUT5 (Prop_lut5_I2_O)        0.124    11.499 r  adaptive_accelerator_inst/rl_controller_inst/max_next_q_reg[7]_i_4/O
                         net (fo=9, routed)           1.009    12.508    adaptive_accelerator_inst/rl_controller_inst/q_table__127[7]
    SLICE_X9Y99          LUT4 (Prop_lut4_I3_O)        0.124    12.632 r  adaptive_accelerator_inst/rl_controller_inst/action2_carry_i_5/O
                         net (fo=1, routed)           0.000    12.632    adaptive_accelerator_inst/rl_controller_inst/action2_carry_i_5_n_0
    SLICE_X9Y99          CARRY4 (Prop_carry4_S[3]_CO[3])
                                                      0.401    13.033 r  adaptive_accelerator_inst/rl_controller_inst/action2_carry/CO[3]
                         net (fo=1, routed)           0.001    13.034    adaptive_accelerator_inst/rl_controller_inst/action2_carry_n_0
    SLICE_X9Y100         CARRY4 (Prop_carry4_CI_CO[3])
                                                      0.114    13.148 f  adaptive_accelerator_inst/rl_controller_inst/action2_carry__0/CO[3]
                         net (fo=19, routed)          0.944    14.092    adaptive_accelerator_inst/rl_controller_inst/action25_in
    SLICE_X8Y102         LUT2 (Prop_lut2_I1_O)        0.124    14.216 f  adaptive_accelerator_inst/rl_controller_inst/active_pe_count_reg[3]_i_3/O
                         net (fo=3, routed)           0.564    14.779    adaptive_accelerator_inst/rl_controller_inst_n_2
    SLICE_X6Y101         LUT6 (Prop_lut6_I2_O)        0.124    14.903 r  adaptive_accelerator_inst/active_pe_count_reg[3]_i_1/O
                         net (fo=1, routed)           0.000    14.903    adaptive_accelerator_inst/active_pe_count_reg[3]_i_1_n_0
    SLICE_X6Y101         FDRE                                         r  adaptive_accelerator_inst/active_pe_count_reg_reg[3]/D
  -------------------------------------------------------------------    -------------------

                         (clock sys_clk rise edge)   10.000    10.000 r  
    E3                                                0.000    10.000 r  clk (IN)
                         net (fo=0)                   0.000    10.000    clk
    E3                   IBUF (Prop_ibuf_I_O)         1.411    11.411 r  clk_IBUF_inst/O
                         net (fo=1, routed)           1.920    13.331    clk_IBUF
    BUFGCTRL_X0Y16       BUFG (Prop_bufg_I_O)         0.091    13.422 r  clk_IBUF_BUFG_inst/O
                         net (fo=699, routed)         1.588    15.010    adaptive_accelerator_inst/CLK
    SLICE_X6Y101         FDRE                                         r  adaptive_accelerator_inst/active_pe_count_reg_reg[3]/C
                         clock pessimism              0.276    15.286    
                         clock uncertainty           -0.035    15.251    
    SLICE_X6Y101         FDRE (Setup_fdre_C_D)        0.079    15.330    adaptive_accelerator_inst/active_pe_count_reg_reg[3]
  -------------------------------------------------------------------
                         required time                         15.330    
                         arrival time                         -14.903    
  -------------------------------------------------------------------
                         slack                                  0.427    

Slack (MET) :             0.431ns  (required time - arrival time)
  Source:                 adaptive_accelerator_inst/rl_utilization_reg[21]/C
                            (rising edge-triggered cell FDRE clocked by sys_clk  {rise@0.000ns fall@5.000ns period=10.000ns})
  Destination:            adaptive_accelerator_inst/active_pe_count_reg_reg[1]/D
                            (rising edge-triggered cell FDRE clocked by sys_clk  {rise@0.000ns fall@5.000ns period=10.000ns})
  Path Group:             sys_clk
  Path Type:              Setup (Max at Slow Process Corner)
  Requirement:            10.000ns  (sys_clk rise@10.000ns - sys_clk rise@0.000ns)
  Data Path Delay:        9.592ns  (logic 2.087ns (21.758%)  route 7.505ns (78.242%))
  Logic Levels:           11  (CARRY4=2 LUT2=1 LUT4=3 LUT5=1 LUT6=4)
  Clock Path Skew:        -0.019ns (DCD - SCD + CPR)
    Destination Clock Delay (DCD):    5.010ns = ( 15.010 - 10.000 ) 
    Source Clock Delay      (SCD):    5.305ns
    Clock Pessimism Removal (CPR):    0.276ns
  Clock Uncertainty:      0.035ns  ((TSJ^2 + TIJ^2)^1/2 + DJ) / 2 + PE
    Total System Jitter     (TSJ):    0.071ns
    Total Input Jitter      (TIJ):    0.000ns
    Discrete Jitter          (DJ):    0.000ns
    Phase Error              (PE):    0.000ns

    Location             Delay type                Incr(ns)  Path(ns)    Netlist Resource(s)
  -------------------------------------------------------------------    -------------------
                         (clock sys_clk rise edge)    0.000     0.000 r  
    E3                                                0.000     0.000 r  clk (IN)
                         net (fo=0)                   0.000     0.000    clk
    E3                   IBUF (Prop_ibuf_I_O)         1.482     1.482 r  clk_IBUF_inst/O
                         net (fo=1, routed)           2.025     3.506    clk_IBUF
    BUFGCTRL_X0Y16       BUFG (Prop_bufg_I_O)         0.096     3.602 r  clk_IBUF_BUFG_inst/O
                         net (fo=699, routed)         1.703     5.305    adaptive_accelerator_inst/CLK
    SLICE_X5Y113         FDRE                                         r  adaptive_accelerator_inst/rl_utilization_reg[21]/C
  -------------------------------------------------------------------    -------------------
    SLICE_X5Y113         FDRE (Prop_fdre_C_Q)         0.456     5.761 f  adaptive_accelerator_inst/rl_utilization_reg[21]/Q
                         net (fo=2, routed)           0.666     6.428    adaptive_accelerator_inst/rl_controller_inst/Q[20]
    SLICE_X5Y113         LUT4 (Prop_lut4_I0_O)        0.124     6.552 f  adaptive_accelerator_inst/rl_controller_inst/stored_state[3]_i_12/O
                         net (fo=1, routed)           0.581     7.133    adaptive_accelerator_inst/rl_controller_inst/stored_state[3]_i_12_n_0
    SLICE_X7Y112         LUT6 (Prop_lut6_I0_O)        0.124     7.257 f  adaptive_accelerator_inst/rl_controller_inst/stored_state[3]_i_9/O
                         net (fo=3, routed)           0.725     7.981    adaptive_accelerator_inst/rl_controller_inst/stored_state[3]_i_9_n_0
    SLICE_X6Y107         LUT6 (Prop_lut6_I4_O)        0.124     8.105 r  adaptive_accelerator_inst/rl_controller_inst/stored_state[3]_i_3/O
                         net (fo=4, routed)           0.970     9.076    adaptive_accelerator_inst/rl_controller_inst/state_encoder/A[0]
    SLICE_X7Y103         LUT4 (Prop_lut4_I0_O)        0.124     9.200 r  adaptive_accelerator_inst/rl_controller_inst/stored_state[1]_i_2/O
                         net (fo=97, routed)          1.376    10.576    adaptive_accelerator_inst/rl_controller_inst/stored_state[1]_i_2_n_0
    SLICE_X10Y95         LUT6 (Prop_lut6_I2_O)        0.124    10.700 r  adaptive_accelerator_inst/rl_controller_inst/max_next_q_reg[7]_i_9/O
                         net (fo=1, routed)           0.675    11.375    adaptive_accelerator_inst/rl_controller_inst/max_next_q_reg[7]_i_9_n_0
    SLICE_X10Y95         LUT5 (Prop_lut5_I2_O)        0.124    11.499 r  adaptive_accelerator_inst/rl_controller_inst/max_next_q_reg[7]_i_4/O
                         net (fo=9, routed)           1.009    12.508    adaptive_accelerator_inst/rl_controller_inst/q_table__127[7]
    SLICE_X9Y99          LUT4 (Prop_lut4_I3_O)        0.124    12.632 r  adaptive_accelerator_inst/rl_controller_inst/action2_carry_i_5/O
                         net (fo=1, routed)           0.000    12.632    adaptive_accelerator_inst/rl_controller_inst/action2_carry_i_5_n_0
    SLICE_X9Y99          CARRY4 (Prop_carry4_S[3]_CO[3])
                                                      0.401    13.033 r  adaptive_accelerator_inst/rl_controller_inst/action2_carry/CO[3]
                         net (fo=1, routed)           0.001    13.034    adaptive_accelerator_inst/rl_controller_inst/action2_carry_n_0
    SLICE_X9Y100         CARRY4 (Prop_carry4_CI_CO[3])
                                                      0.114    13.148 f  adaptive_accelerator_inst/rl_controller_inst/action2_carry__0/CO[3]
                         net (fo=19, routed)          0.944    14.092    adaptive_accelerator_inst/rl_controller_inst/action25_in
    SLICE_X8Y102         LUT2 (Prop_lut2_I1_O)        0.124    14.216 f  adaptive_accelerator_inst/rl_controller_inst/active_pe_count_reg[3]_i_3/O
                         net (fo=3, routed)           0.558    14.773    adaptive_accelerator_inst/rl_controller_inst_n_2
    SLICE_X6Y101         LUT6 (Prop_lut6_I4_O)        0.124    14.897 r  adaptive_accelerator_inst/active_pe_count_reg[1]_i_1/O
                         net (fo=1, routed)           0.000    14.897    adaptive_accelerator_inst/active_pe_count_reg[1]_i_1_n_0
    SLICE_X6Y101         FDRE                                         r  adaptive_accelerator_inst/active_pe_count_reg_reg[1]/D
  -------------------------------------------------------------------    -------------------

                         (clock sys_clk rise edge)   10.000    10.000 r  
    E3                                                0.000    10.000 r  clk (IN)
                         net (fo=0)                   0.000    10.000    clk
    E3                   IBUF (Prop_ibuf_I_O)         1.411    11.411 r  clk_IBUF_inst/O
                         net (fo=1, routed)           1.920    13.331    clk_IBUF
    BUFGCTRL_X0Y16       BUFG (Prop_bufg_I_O)         0.091    13.422 r  clk_IBUF_BUFG_inst/O
                         net (fo=699, routed)         1.588    15.010    adaptive_accelerator_inst/CLK
    SLICE_X6Y101         FDRE                                         r  adaptive_accelerator_inst/active_pe_count_reg_reg[1]/C
                         clock pessimism              0.276    15.286    
                         clock uncertainty           -0.035    15.251    
    SLICE_X6Y101         FDRE (Setup_fdre_C_D)        0.077    15.328    adaptive_accelerator_inst/active_pe_count_reg_reg[1]
  -------------------------------------------------------------------
                         required time                         15.328    
                         arrival time                         -14.897    
  -------------------------------------------------------------------
                         slack                                  0.431    

Slack (MET) :             0.460ns  (required time - arrival time)
  Source:                 adaptive_accelerator_inst/rl_utilization_reg[21]/C
                            (rising edge-triggered cell FDRE clocked by sys_clk  {rise@0.000ns fall@5.000ns period=10.000ns})
  Destination:            adaptive_accelerator_inst/rl_controller_inst/stored_action_reg[1]/D
                            (rising edge-triggered cell FDRE clocked by sys_clk  {rise@0.000ns fall@5.000ns period=10.000ns})
  Path Group:             sys_clk
  Path Type:              Setup (Max at Slow Process Corner)
  Requirement:            10.000ns  (sys_clk rise@10.000ns - sys_clk rise@0.000ns)
  Data Path Delay:        9.564ns  (logic 2.069ns (21.632%)  route 7.495ns (78.368%))
  Logic Levels:           11  (CARRY4=2 LUT4=4 LUT5=2 LUT6=3)
  Clock Path Skew:        -0.019ns (DCD - SCD + CPR)
    Destination Clock Delay (DCD):    5.010ns = ( 15.010 - 10.000 ) 
    Source Clock Delay      (SCD):    5.305ns
    Clock Pessimism Removal (CPR):    0.276ns
  Clock Uncertainty:      0.035ns  ((TSJ^2 + TIJ^2)^1/2 + DJ) / 2 + PE
    Total System Jitter     (TSJ):    0.071ns
    Total Input Jitter      (TIJ):    0.000ns
    Discrete Jitter          (DJ):    0.000ns
    Phase Error              (PE):    0.000ns

    Location             Delay type                Incr(ns)  Path(ns)    Netlist Resource(s)
  -------------------------------------------------------------------    -------------------
                         (clock sys_clk rise edge)    0.000     0.000 r  
    E3                                                0.000     0.000 r  clk (IN)
                         net (fo=0)                   0.000     0.000    clk
    E3                   IBUF (Prop_ibuf_I_O)         1.482     1.482 r  clk_IBUF_inst/O
                         net (fo=1, routed)           2.025     3.506    clk_IBUF
    BUFGCTRL_X0Y16       BUFG (Prop_bufg_I_O)         0.096     3.602 r  clk_IBUF_BUFG_inst/O
                         net (fo=699, routed)         1.703     5.305    adaptive_accelerator_inst/CLK
    SLICE_X5Y113         FDRE                                         r  adaptive_accelerator_inst/rl_utilization_reg[21]/C
  -------------------------------------------------------------------    -------------------
    SLICE_X5Y113         FDRE (Prop_fdre_C_Q)         0.456     5.761 f  adaptive_accelerator_inst/rl_utilization_reg[21]/Q
                         net (fo=2, routed)           0.666     6.428    adaptive_accelerator_inst/rl_controller_inst/Q[20]
    SLICE_X5Y113         LUT4 (Prop_lut4_I0_O)        0.124     6.552 f  adaptive_accelerator_inst/rl_controller_inst/stored_state[3]_i_12/O
                         net (fo=1, routed)           0.581     7.133    adaptive_accelerator_inst/rl_controller_inst/stored_state[3]_i_12_n_0
    SLICE_X7Y112         LUT6 (Prop_lut6_I0_O)        0.124     7.257 f  adaptive_accelerator_inst/rl_controller_inst/stored_state[3]_i_9/O
                         net (fo=3, routed)           0.725     7.981    adaptive_accelerator_inst/rl_controller_inst/stored_state[3]_i_9_n_0
    SLICE_X6Y107         LUT6 (Prop_lut6_I4_O)        0.124     8.105 r  adaptive_accelerator_inst/rl_controller_inst/stored_state[3]_i_3/O
                         net (fo=4, routed)           0.970     9.076    adaptive_accelerator_inst/rl_controller_inst/state_encoder/A[0]
    SLICE_X7Y103         LUT4 (Prop_lut4_I0_O)        0.124     9.200 r  adaptive_accelerator_inst/rl_controller_inst/stored_state[1]_i_2/O
                         net (fo=97, routed)          1.238    10.438    adaptive_accelerator_inst/rl_controller_inst/stored_state[1]_i_2_n_0
    SLICE_X14Y96         LUT6 (Prop_lut6_I2_O)        0.124    10.562 r  adaptive_accelerator_inst/rl_controller_inst/max_next_q_reg[5]_i_10/O
                         net (fo=1, routed)           0.708    11.269    adaptive_accelerator_inst/rl_controller_inst/max_next_q_reg[5]_i_10_n_0
    SLICE_X13Y98         LUT5 (Prop_lut5_I4_O)        0.124    11.393 r  adaptive_accelerator_inst/rl_controller_inst/max_next_q_reg[5]_i_4/O
                         net (fo=9, routed)           1.086    12.479    adaptive_accelerator_inst/rl_controller_inst/q_table__127[5]
    SLICE_X10Y99         LUT4 (Prop_lut4_I2_O)        0.124    12.603 r  adaptive_accelerator_inst/rl_controller_inst/i__carry_i_6__0/O
                         net (fo=1, routed)           0.000    12.603    adaptive_accelerator_inst/rl_controller_inst/i__carry_i_6__0_n_0
    SLICE_X10Y99         CARRY4 (Prop_carry4_S[2]_CO[3])
                                                      0.380    12.983 r  adaptive_accelerator_inst/rl_controller_inst/action2_inferred__0/i__carry/CO[3]
                         net (fo=1, routed)           0.001    12.984    adaptive_accelerator_inst/rl_controller_inst/action2_inferred__0/i__carry_n_0
    SLICE_X10Y100        CARRY4 (Prop_carry4_CI_CO[3])
                                                      0.117    13.101 r  adaptive_accelerator_inst/rl_controller_inst/action2_inferred__0/i__carry__0/CO[3]
                         net (fo=3, routed)           1.360    14.461    adaptive_accelerator_inst/rl_controller_inst/CO[0]
    SLICE_X6Y101         LUT4 (Prop_lut4_I0_O)        0.124    14.585 r  adaptive_accelerator_inst/rl_controller_inst/stored_action[1]_i_2/O
                         net (fo=1, routed)           0.161    14.746    adaptive_accelerator_inst/rl_controller_inst/stored_action[1]_i_2_n_0
    SLICE_X6Y101         LUT5 (Prop_lut5_I3_O)        0.124    14.870 r  adaptive_accelerator_inst/rl_controller_inst/stored_action[1]_i_1/O
                         net (fo=1, routed)           0.000    14.870    adaptive_accelerator_inst/rl_controller_inst/stored_action[1]_i_1_n_0
    SLICE_X6Y101         FDRE                                         r  adaptive_accelerator_inst/rl_controller_inst/stored_action_reg[1]/D
  -------------------------------------------------------------------    -------------------

                         (clock sys_clk rise edge)   10.000    10.000 r  
    E3                                                0.000    10.000 r  clk (IN)
                         net (fo=0)                   0.000    10.000    clk
    E3                   IBUF (Prop_ibuf_I_O)         1.411    11.411 r  clk_IBUF_inst/O
                         net (fo=1, routed)           1.920    13.331    clk_IBUF
    BUFGCTRL_X0Y16       BUFG (Prop_bufg_I_O)         0.091    13.422 r  clk_IBUF_BUFG_inst/O
                         net (fo=699, routed)         1.588    15.010    adaptive_accelerator_inst/rl_controller_inst/CLK
    SLICE_X6Y101         FDRE                                         r  adaptive_accelerator_inst/rl_controller_inst/stored_action_reg[1]/C
                         clock pessimism              0.276    15.286    
                         clock uncertainty           -0.035    15.251    
    SLICE_X6Y101         FDRE (Setup_fdre_C_D)        0.079    15.330    adaptive_accelerator_inst/rl_controller_inst/stored_action_reg[1]
  -------------------------------------------------------------------
                         required time                         15.330    
                         arrival time                         -14.870    
  -------------------------------------------------------------------
                         slack                                  0.460    

Slack (MET) :             0.620ns  (required time - arrival time)
  Source:                 adaptive_accelerator_inst/rl_utilization_reg[21]/C
                            (rising edge-triggered cell FDRE clocked by sys_clk  {rise@0.000ns fall@5.000ns period=10.000ns})
  Destination:            adaptive_accelerator_inst/rl_controller_inst/max_next_q_reg_reg[12]/D
                            (rising edge-triggered cell FDRE clocked by sys_clk  {rise@0.000ns fall@5.000ns period=10.000ns})
  Path Group:             sys_clk
  Path Type:              Setup (Max at Slow Process Corner)
  Requirement:            10.000ns  (sys_clk rise@10.000ns - sys_clk rise@0.000ns)
  Data Path Delay:        9.261ns  (logic 2.098ns (22.654%)  route 7.163ns (77.346%))
  Logic Levels:           10  (CARRY4=2 LUT4=3 LUT5=1 LUT6=4)
  Clock Path Skew:        -0.115ns (DCD - SCD + CPR)
    Destination Clock Delay (DCD):    4.931ns = ( 14.931 - 10.000 ) 
    Source Clock Delay      (SCD):    5.305ns
    Clock Pessimism Removal (CPR):    0.259ns
  Clock Uncertainty:      0.035ns  ((TSJ^2 + TIJ^2)^1/2 + DJ) / 2 + PE
    Total System Jitter     (TSJ):    0.071ns
    Total Input Jitter      (TIJ):    0.000ns
    Discrete Jitter          (DJ):    0.000ns
    Phase Error              (PE):    0.000ns

    Location             Delay type                Incr(ns)  Path(ns)    Netlist Resource(s)
  -------------------------------------------------------------------    -------------------
                         (clock sys_clk rise edge)    0.000     0.000 r  
    E3                                                0.000     0.000 r  clk (IN)
                         net (fo=0)                   0.000     0.000    clk
    E3                   IBUF (Prop_ibuf_I_O)         1.482     1.482 r  clk_IBUF_inst/O
                         net (fo=1, routed)           2.025     3.506    clk_IBUF
    BUFGCTRL_X0Y16       BUFG (Prop_bufg_I_O)         0.096     3.602 r  clk_IBUF_BUFG_inst/O
                         net (fo=699, routed)         1.703     5.305    adaptive_accelerator_inst/CLK
    SLICE_X5Y113         FDRE                                         r  adaptive_accelerator_inst/rl_utilization_reg[21]/C
  -------------------------------------------------------------------    -------------------
    SLICE_X5Y113         FDRE (Prop_fdre_C_Q)         0.456     5.761 f  adaptive_accelerator_inst/rl_utilization_reg[21]/Q
                         net (fo=2, routed)           0.666     6.428    adaptive_accelerator_inst/rl_controller_inst/Q[20]
    SLICE_X5Y113         LUT4 (Prop_lut4_I0_O)        0.124     6.552 f  adaptive_accelerator_inst/rl_controller_inst/stored_state[3]_i_12/O
                         net (fo=1, routed)           0.581     7.133    adaptive_accelerator_inst/rl_controller_inst/stored_state[3]_i_12_n_0
    SLICE_X7Y112         LUT6 (Prop_lut6_I0_O)        0.124     7.257 f  adaptive_accelerator_inst/rl_controller_inst/stored_state[3]_i_9/O
                         net (fo=3, routed)           0.725     7.981    adaptive_accelerator_inst/rl_controller_inst/stored_state[3]_i_9_n_0
    SLICE_X6Y107         LUT6 (Prop_lut6_I4_O)        0.124     8.105 r  adaptive_accelerator_inst/rl_controller_inst/stored_state[3]_i_3/O
                         net (fo=4, routed)           0.970     9.076    adaptive_accelerator_inst/rl_controller_inst/state_encoder/A[0]
    SLICE_X7Y103         LUT4 (Prop_lut4_I0_O)        0.124     9.200 r  adaptive_accelerator_inst/rl_controller_inst/stored_state[1]_i_2/O
                         net (fo=97, routed)          1.390    10.590    adaptive_accelerator_inst/rl_controller_inst/stored_state[1]_i_2_n_0
    SLICE_X12Y96         LUT6 (Prop_lut6_I2_O)        0.124    10.714 r  adaptive_accelerator_inst/rl_controller_inst/max_next_q_reg[3]_i_8/O
                         net (fo=1, routed)           0.446    11.160    adaptive_accelerator_inst/rl_controller_inst/max_next_q_reg[3]_i_8_n_0
    SLICE_X11Y96         LUT5 (Prop_lut5_I4_O)        0.124    11.284 r  adaptive_accelerator_inst/rl_controller_inst/max_next_q_reg[3]_i_3/O
                         net (fo=9, routed)           0.826    12.110    adaptive_accelerator_inst/rl_controller_inst/max_next_q_reg[3]_i_3_n_0
    SLICE_X8Y96          LUT4 (Prop_lut4_I3_O)        0.124    12.234 r  adaptive_accelerator_inst/rl_controller_inst/i__carry_i_7/O
                         net (fo=1, routed)           0.000    12.234    adaptive_accelerator_inst/rl_controller_inst/i__carry_i_7_n_0
    SLICE_X8Y96          CARRY4 (Prop_carry4_S[1]_CO[3])
                                                      0.533    12.767 r  adaptive_accelerator_inst/rl_controller_inst/max_next_q2_inferred__0/i__carry/CO[3]
                         net (fo=1, routed)           0.000    12.767    adaptive_accelerator_inst/rl_controller_inst/max_next_q2_inferred__0/i__carry_n_0
    SLICE_X8Y97          CARRY4 (Prop_carry4_CI_CO[3])
                                                      0.117    12.884 r  adaptive_accelerator_inst/rl_controller_inst/max_next_q2_inferred__0/i__carry__0/CO[3]
                         net (fo=16, routed)          1.559    14.442    adaptive_accelerator_inst/rl_controller_inst/max_next_q22_in
    SLICE_X9Y101         LUT6 (Prop_lut6_I1_O)        0.124    14.566 r  adaptive_accelerator_inst/rl_controller_inst/max_next_q_reg[12]_i_1/O
                         net (fo=1, routed)           0.000    14.566    adaptive_accelerator_inst/rl_controller_inst/A[12]
    SLICE_X9Y101         FDRE                                         r  adaptive_accelerator_inst/rl_controller_inst/max_next_q_reg_reg[12]/D
  -------------------------------------------------------------------    -------------------

                         (clock sys_clk rise edge)   10.000    10.000 r  
    E3                                                0.000    10.000 r  clk (IN)
                         net (fo=0)                   0.000    10.000    clk
    E3                   IBUF (Prop_ibuf_I_O)         1.411    11.411 r  clk_IBUF_inst/O
                         net (fo=1, routed)           1.920    13.331    clk_IBUF
    BUFGCTRL_X0Y16       BUFG (Prop_bufg_I_O)         0.091    13.422 r  clk_IBUF_BUFG_inst/O
                         net (fo=699, routed)         1.509    14.931    adaptive_accelerator_inst/rl_controller_inst/CLK
    SLICE_X9Y101         FDRE                                         r  adaptive_accelerator_inst/rl_controller_inst/max_next_q_reg_reg[12]/C
                         clock pessimism              0.259    15.190    
                         clock uncertainty           -0.035    15.155    
    SLICE_X9Y101         FDRE (Setup_fdre_C_D)        0.031    15.186    adaptive_accelerator_inst/rl_controller_inst/max_next_q_reg_reg[12]
  -------------------------------------------------------------------
                         required time                         15.186    
                         arrival time                         -14.566    
  -------------------------------------------------------------------
                         slack                                  0.620    

Slack (MET) :             0.628ns  (required time - arrival time)
  Source:                 adaptive_accelerator_inst/rl_utilization_reg[21]/C
                            (rising edge-triggered cell FDRE clocked by sys_clk  {rise@0.000ns fall@5.000ns period=10.000ns})
  Destination:            adaptive_accelerator_inst/rl_controller_inst/max_next_q_reg_reg[4]/D
                            (rising edge-triggered cell FDRE clocked by sys_clk  {rise@0.000ns fall@5.000ns period=10.000ns})
  Path Group:             sys_clk
  Path Type:              Setup (Max at Slow Process Corner)
  Requirement:            10.000ns  (sys_clk rise@10.000ns - sys_clk rise@0.000ns)
  Data Path Delay:        9.243ns  (logic 1.963ns (21.238%)  route 7.280ns (78.762%))
  Logic Levels:           10  (CARRY4=2 LUT4=3 LUT5=1 LUT6=4)
  Clock Path Skew:        -0.175ns (DCD - SCD + CPR)
    Destination Clock Delay (DCD):    4.951ns = ( 14.951 - 10.000 ) 
    Source Clock Delay      (SCD):    5.305ns
    Clock Pessimism Removal (CPR):    0.180ns
  Clock Uncertainty:      0.035ns  ((TSJ^2 + TIJ^2)^1/2 + DJ) / 2 + PE
    Total System Jitter     (TSJ):    0.071ns
    Total Input Jitter      (TIJ):    0.000ns
    Discrete Jitter          (DJ):    0.000ns
    Phase Error              (PE):    0.000ns

    Location             Delay type                Incr(ns)  Path(ns)    Netlist Resource(s)
  -------------------------------------------------------------------    -------------------
                         (clock sys_clk rise edge)    0.000     0.000 r  
    E3                                                0.000     0.000 r  clk (IN)
                         net (fo=0)                   0.000     0.000    clk
    E3                   IBUF (Prop_ibuf_I_O)         1.482     1.482 r  clk_IBUF_inst/O
                         net (fo=1, routed)           2.025     3.506    clk_IBUF
    BUFGCTRL_X0Y16       BUFG (Prop_bufg_I_O)         0.096     3.602 r  clk_IBUF_BUFG_inst/O
                         net (fo=699, routed)         1.703     5.305    adaptive_accelerator_inst/CLK
    SLICE_X5Y113         FDRE                                         r  adaptive_accelerator_inst/rl_utilization_reg[21]/C
  -------------------------------------------------------------------    -------------------
    SLICE_X5Y113         FDRE (Prop_fdre_C_Q)         0.456     5.761 f  adaptive_accelerator_inst/rl_utilization_reg[21]/Q
                         net (fo=2, routed)           0.666     6.428    adaptive_accelerator_inst/rl_controller_inst/Q[20]
    SLICE_X5Y113         LUT4 (Prop_lut4_I0_O)        0.124     6.552 f  adaptive_accelerator_inst/rl_controller_inst/stored_state[3]_i_12/O
                         net (fo=1, routed)           0.581     7.133    adaptive_accelerator_inst/rl_controller_inst/stored_state[3]_i_12_n_0
    SLICE_X7Y112         LUT6 (Prop_lut6_I0_O)        0.124     7.257 f  adaptive_accelerator_inst/rl_controller_inst/stored_state[3]_i_9/O
                         net (fo=3, routed)           0.725     7.981    adaptive_accelerator_inst/rl_controller_inst/stored_state[3]_i_9_n_0
    SLICE_X6Y107         LUT6 (Prop_lut6_I4_O)        0.124     8.105 r  adaptive_accelerator_inst/rl_controller_inst/stored_state[3]_i_3/O
                         net (fo=4, routed)           0.970     9.076    adaptive_accelerator_inst/rl_controller_inst/state_encoder/A[0]
    SLICE_X7Y103         LUT4 (Prop_lut4_I0_O)        0.124     9.200 r  adaptive_accelerator_inst/rl_controller_inst/stored_state[1]_i_2/O
                         net (fo=97, routed)          1.376    10.576    adaptive_accelerator_inst/rl_controller_inst/stored_state[1]_i_2_n_0
    SLICE_X10Y95         LUT6 (Prop_lut6_I2_O)        0.124    10.700 r  adaptive_accelerator_inst/rl_controller_inst/max_next_q_reg[7]_i_9/O
                         net (fo=1, routed)           0.675    11.375    adaptive_accelerator_inst/rl_controller_inst/max_next_q_reg[7]_i_9_n_0
    SLICE_X10Y95         LUT5 (Prop_lut5_I2_O)        0.124    11.499 r  adaptive_accelerator_inst/rl_controller_inst/max_next_q_reg[7]_i_4/O
                         net (fo=9, routed)           1.009    12.508    adaptive_accelerator_inst/rl_controller_inst/q_table__127[7]
    SLICE_X9Y99          LUT4 (Prop_lut4_I3_O)        0.124    12.632 r  adaptive_accelerator_inst/rl_controller_inst/action2_carry_i_5/O
                         net (fo=1, routed)           0.000    12.632    adaptive_accelerator_inst/rl_controller_inst/action2_carry_i_5_n_0
    SLICE_X9Y99          CARRY4 (Prop_carry4_S[3]_CO[3])
                                                      0.401    13.033 r  adaptive_accelerator_inst/rl_controller_inst/action2_carry/CO[3]
                         net (fo=1, routed)           0.001    13.034    adaptive_accelerator_inst/rl_controller_inst/action2_carry_n_0
    SLICE_X9Y100         CARRY4 (Prop_carry4_CI_CO[3])
                                                      0.114    13.148 r  adaptive_accelerator_inst/rl_controller_inst/action2_carry__0/CO[3]
                         net (fo=19, routed)          1.277    14.424    adaptive_accelerator_inst/rl_controller_inst/action25_in
    SLICE_X10Y98         LUT6 (Prop_lut6_I4_O)        0.124    14.548 r  adaptive_accelerator_inst/rl_controller_inst/max_next_q_reg[4]_i_1/O
                         net (fo=1, routed)           0.000    14.548    adaptive_accelerator_inst/rl_controller_inst/A[4]
    SLICE_X10Y98         FDRE                                         r  adaptive_accelerator_inst/rl_controller_inst/max_next_q_reg_reg[4]/D
  -------------------------------------------------------------------    -------------------

                         (clock sys_clk rise edge)   10.000    10.000 r  
    E3                                                0.000    10.000 r  clk (IN)
                         net (fo=0)                   0.000    10.000    clk
    E3                   IBUF (Prop_ibuf_I_O)         1.411    11.411 r  clk_IBUF_inst/O
                         net (fo=1, routed)           1.920    13.331    clk_IBUF
    BUFGCTRL_X0Y16       BUFG (Prop_bufg_I_O)         0.091    13.422 r  clk_IBUF_BUFG_inst/O
                         net (fo=699, routed)         1.528    14.951    adaptive_accelerator_inst/rl_controller_inst/CLK
    SLICE_X10Y98         FDRE                                         r  adaptive_accelerator_inst/rl_controller_inst/max_next_q_reg_reg[4]/C
                         clock pessimism              0.180    15.131    
                         clock uncertainty           -0.035    15.095    
    SLICE_X10Y98         FDRE (Setup_fdre_C_D)        0.081    15.176    adaptive_accelerator_inst/rl_controller_inst/max_next_q_reg_reg[4]
  -------------------------------------------------------------------
                         required time                         15.176    
                         arrival time                         -14.548    
  -------------------------------------------------------------------
                         slack                                  0.628    

Slack (MET) :             0.636ns  (required time - arrival time)
  Source:                 adaptive_accelerator_inst/rl_utilization_reg[21]/C
                            (rising edge-triggered cell FDRE clocked by sys_clk  {rise@0.000ns fall@5.000ns period=10.000ns})
  Destination:            adaptive_accelerator_inst/rl_controller_inst/max_next_q_reg_reg[8]/D
                            (rising edge-triggered cell FDRE clocked by sys_clk  {rise@0.000ns fall@5.000ns period=10.000ns})
  Path Group:             sys_clk
  Path Type:              Setup (Max at Slow Process Corner)
  Requirement:            10.000ns  (sys_clk rise@10.000ns - sys_clk rise@0.000ns)
  Data Path Delay:        9.309ns  (logic 2.098ns (22.538%)  route 7.211ns (77.462%))
  Logic Levels:           10  (CARRY4=2 LUT4=3 LUT5=1 LUT6=4)
  Clock Path Skew:        -0.099ns (DCD - SCD + CPR)
    Destination Clock Delay (DCD):    5.027ns = ( 15.027 - 10.000 ) 
    Source Clock Delay      (SCD):    5.305ns
    Clock Pessimism Removal (CPR):    0.180ns
  Clock Uncertainty:      0.035ns  ((TSJ^2 + TIJ^2)^1/2 + DJ) / 2 + PE
    Total System Jitter     (TSJ):    0.071ns
    Total Input Jitter      (TIJ):    0.000ns
    Discrete Jitter          (DJ):    0.000ns
    Phase Error              (PE):    0.000ns

    Location             Delay type                Incr(ns)  Path(ns)    Netlist Resource(s)
  -------------------------------------------------------------------    -------------------
                         (clock sys_clk rise edge)    0.000     0.000 r  
    E3                                                0.000     0.000 r  clk (IN)
                         net (fo=0)                   0.000     0.000    clk
    E3                   IBUF (Prop_ibuf_I_O)         1.482     1.482 r  clk_IBUF_inst/O
                         net (fo=1, routed)           2.025     3.506    clk_IBUF
    BUFGCTRL_X0Y16       BUFG (Prop_bufg_I_O)         0.096     3.602 r  clk_IBUF_BUFG_inst/O
                         net (fo=699, routed)         1.703     5.305    adaptive_accelerator_inst/CLK
    SLICE_X5Y113         FDRE                                         r  adaptive_accelerator_inst/rl_utilization_reg[21]/C
  -------------------------------------------------------------------    -------------------
    SLICE_X5Y113         FDRE (Prop_fdre_C_Q)         0.456     5.761 f  adaptive_accelerator_inst/rl_utilization_reg[21]/Q
                         net (fo=2, routed)           0.666     6.428    adaptive_accelerator_inst/rl_controller_inst/Q[20]
    SLICE_X5Y113         LUT4 (Prop_lut4_I0_O)        0.124     6.552 f  adaptive_accelerator_inst/rl_controller_inst/stored_state[3]_i_12/O
                         net (fo=1, routed)           0.581     7.133    adaptive_accelerator_inst/rl_controller_inst/stored_state[3]_i_12_n_0
    SLICE_X7Y112         LUT6 (Prop_lut6_I0_O)        0.124     7.257 f  adaptive_accelerator_inst/rl_controller_inst/stored_state[3]_i_9/O
                         net (fo=3, routed)           0.725     7.981    adaptive_accelerator_inst/rl_controller_inst/stored_state[3]_i_9_n_0
    SLICE_X6Y107         LUT6 (Prop_lut6_I4_O)        0.124     8.105 r  adaptive_accelerator_inst/rl_controller_inst/stored_state[3]_i_3/O
                         net (fo=4, routed)           0.970     9.076    adaptive_accelerator_inst/rl_controller_inst/state_encoder/A[0]
    SLICE_X7Y103         LUT4 (Prop_lut4_I0_O)        0.124     9.200 r  adaptive_accelerator_inst/rl_controller_inst/stored_state[1]_i_2/O
                         net (fo=97, routed)          1.390    10.590    adaptive_accelerator_inst/rl_controller_inst/stored_state[1]_i_2_n_0
    SLICE_X12Y96         LUT6 (Prop_lut6_I2_O)        0.124    10.714 r  adaptive_accelerator_inst/rl_controller_inst/max_next_q_reg[3]_i_8/O
                         net (fo=1, routed)           0.446    11.160    adaptive_accelerator_inst/rl_controller_inst/max_next_q_reg[3]_i_8_n_0
    SLICE_X11Y96         LUT5 (Prop_lut5_I4_O)        0.124    11.284 r  adaptive_accelerator_inst/rl_controller_inst/max_next_q_reg[3]_i_3/O
                         net (fo=9, routed)           0.826    12.110    adaptive_accelerator_inst/rl_controller_inst/max_next_q_reg[3]_i_3_n_0
    SLICE_X8Y96          LUT4 (Prop_lut4_I3_O)        0.124    12.234 r  adaptive_accelerator_inst/rl_controller_inst/i__carry_i_7/O
                         net (fo=1, routed)           0.000    12.234    adaptive_accelerator_inst/rl_controller_inst/i__carry_i_7_n_0
    SLICE_X8Y96          CARRY4 (Prop_carry4_S[1]_CO[3])
                                                      0.533    12.767 r  adaptive_accelerator_inst/rl_controller_inst/max_next_q2_inferred__0/i__carry/CO[3]
                         net (fo=1, routed)           0.000    12.767    adaptive_accelerator_inst/rl_controller_inst/max_next_q2_inferred__0/i__carry_n_0
    SLICE_X8Y97          CARRY4 (Prop_carry4_CI_CO[3])
                                                      0.117    12.884 r  adaptive_accelerator_inst/rl_controller_inst/max_next_q2_inferred__0/i__carry__0/CO[3]
                         net (fo=16, routed)          1.606    14.490    adaptive_accelerator_inst/rl_controller_inst/max_next_q22_in
    SLICE_X6Y97          LUT6 (Prop_lut6_I1_O)        0.124    14.614 r  adaptive_accelerator_inst/rl_controller_inst/max_next_q_reg[8]_i_1/O
                         net (fo=1, routed)           0.000    14.614    adaptive_accelerator_inst/rl_controller_inst/A[8]
    SLICE_X6Y97          FDRE                                         r  adaptive_accelerator_inst/rl_controller_inst/max_next_q_reg_reg[8]/D
  -------------------------------------------------------------------    -------------------

                         (clock sys_clk rise edge)   10.000    10.000 r  
    E3                                                0.000    10.000 r  clk (IN)
                         net (fo=0)                   0.000    10.000    clk
    E3                   IBUF (Prop_ibuf_I_O)         1.411    11.411 r  clk_IBUF_inst/O
                         net (fo=1, routed)           1.920    13.331    clk_IBUF
    BUFGCTRL_X0Y16       BUFG (Prop_bufg_I_O)         0.091    13.422 r  clk_IBUF_BUFG_inst/O
                         net (fo=699, routed)         1.604    15.027    adaptive_accelerator_inst/rl_controller_inst/CLK
    SLICE_X6Y97          FDRE                                         r  adaptive_accelerator_inst/rl_controller_inst/max_next_q_reg_reg[8]/C
                         clock pessimism              0.180    15.207    
                         clock uncertainty           -0.035    15.171    
    SLICE_X6Y97          FDRE (Setup_fdre_C_D)        0.079    15.250    adaptive_accelerator_inst/rl_controller_inst/max_next_q_reg_reg[8]
  -------------------------------------------------------------------
                         required time                         15.250    
                         arrival time                         -14.614    
  -------------------------------------------------------------------
                         slack                                  0.636    

Slack (MET) :             0.649ns  (required time - arrival time)
  Source:                 adaptive_accelerator_inst/rl_utilization_reg[4]/C
                            (rising edge-triggered cell FDRE clocked by sys_clk  {rise@0.000ns fall@5.000ns period=10.000ns})
  Destination:            adaptive_accelerator_inst/rl_controller_inst/max_next_q_reg_reg[3]/D
                            (rising edge-triggered cell FDRE clocked by sys_clk  {rise@0.000ns fall@5.000ns period=10.000ns})
  Path Group:             sys_clk
  Path Type:              Setup (Max at Slow Process Corner)
  Requirement:            10.000ns  (sys_clk rise@10.000ns - sys_clk rise@0.000ns)
  Data Path Delay:        9.213ns  (logic 2.032ns (22.055%)  route 7.181ns (77.945%))
  Logic Levels:           9  (CARRY4=2 LUT4=3 LUT5=1 LUT6=3)
  Clock Path Skew:        -0.180ns (DCD - SCD + CPR)
    Destination Clock Delay (DCD):    4.951ns = ( 14.951 - 10.000 ) 
    Source Clock Delay      (SCD):    5.310ns
    Clock Pessimism Removal (CPR):    0.180ns
  Clock Uncertainty:      0.035ns  ((TSJ^2 + TIJ^2)^1/2 + DJ) / 2 + PE
    Total System Jitter     (TSJ):    0.071ns
    Total Input Jitter      (TIJ):    0.000ns
    Discrete Jitter          (DJ):    0.000ns
    Phase Error              (PE):    0.000ns

    Location             Delay type                Incr(ns)  Path(ns)    Netlist Resource(s)
  -------------------------------------------------------------------    -------------------
                         (clock sys_clk rise edge)    0.000     0.000 r  
    E3                                                0.000     0.000 r  clk (IN)
                         net (fo=0)                   0.000     0.000    clk
    E3                   IBUF (Prop_ibuf_I_O)         1.482     1.482 r  clk_IBUF_inst/O
                         net (fo=1, routed)           2.025     3.506    clk_IBUF
    BUFGCTRL_X0Y16       BUFG (Prop_bufg_I_O)         0.096     3.602 r  clk_IBUF_BUFG_inst/O
                         net (fo=699, routed)         1.708     5.310    adaptive_accelerator_inst/CLK
    SLICE_X6Y106         FDRE                                         r  adaptive_accelerator_inst/rl_utilization_reg[4]/C
  -------------------------------------------------------------------    -------------------
    SLICE_X6Y106         FDRE (Prop_fdre_C_Q)         0.518     5.828 r  adaptive_accelerator_inst/rl_utilization_reg[4]/Q
                         net (fo=4, routed)           0.665     6.493    adaptive_accelerator_inst/rl_controller_inst/Q[3]
    SLICE_X4Y105         LUT4 (Prop_lut4_I0_O)        0.124     6.617 f  adaptive_accelerator_inst/rl_controller_inst/stored_state[3]_i_11/O
                         net (fo=1, routed)           0.447     7.064    adaptive_accelerator_inst/rl_controller_inst/stored_state[3]_i_11_n_0
    SLICE_X6Y107         LUT6 (Prop_lut6_I1_O)        0.124     7.188 f  adaptive_accelerator_inst/rl_controller_inst/stored_state[3]_i_6/O
                         net (fo=2, routed)           0.855     8.043    adaptive_accelerator_inst/rl_controller_inst/stored_state[3]_i_6_n_0
    SLICE_X6Y107         LUT6 (Prop_lut6_I1_O)        0.124     8.167 r  adaptive_accelerator_inst/rl_controller_inst/stored_state[3]_i_4/O
                         net (fo=2, routed)           0.975     9.143    adaptive_accelerator_inst/rl_controller_inst/state_encoder/A[1]
    SLICE_X6Y104         LUT4 (Prop_lut4_I3_O)        0.124     9.267 r  adaptive_accelerator_inst/rl_controller_inst/stored_state[3]_i_2/O
                         net (fo=49, routed)          1.589    10.856    adaptive_accelerator_inst/rl_controller_inst/stored_state[3]_i_2_n_0
    SLICE_X4Y95          LUT5 (Prop_lut5_I1_O)        0.124    10.980 r  adaptive_accelerator_inst/rl_controller_inst/max_next_q_reg[1]_i_2/O
                         net (fo=9, routed)           1.213    12.193    adaptive_accelerator_inst/rl_controller_inst/max_next_q_reg[1]_i_2_n_0
    SLICE_X9Y97          LUT4 (Prop_lut4_I2_O)        0.124    12.317 r  adaptive_accelerator_inst/rl_controller_inst/max_next_q2_carry_i_8/O
                         net (fo=1, routed)           0.000    12.317    adaptive_accelerator_inst/rl_controller_inst/max_next_q2_carry_i_8_n_0
    SLICE_X9Y97          CARRY4 (Prop_carry4_S[0]_CO[3])
                                                      0.532    12.849 r  adaptive_accelerator_inst/rl_controller_inst/max_next_q2_carry/CO[3]
                         net (fo=1, routed)           0.000    12.849    adaptive_accelerator_inst/rl_controller_inst/max_next_q2_carry_n_0
    SLICE_X9Y98          CARRY4 (Prop_carry4_CI_CO[3])
                                                      0.114    12.963 r  adaptive_accelerator_inst/rl_controller_inst/max_next_q2_carry__0/CO[3]
                         net (fo=16, routed)          1.437    14.400    adaptive_accelerator_inst/rl_controller_inst/max_next_q2
    SLICE_X10Y97         LUT6 (Prop_lut6_I2_O)        0.124    14.524 r  adaptive_accelerator_inst/rl_controller_inst/max_next_q_reg[3]_i_1/O
                         net (fo=1, routed)           0.000    14.524    adaptive_accelerator_inst/rl_controller_inst/A[3]
    SLICE_X10Y97         FDRE                                         r  adaptive_accelerator_inst/rl_controller_inst/max_next_q_reg_reg[3]/D
  -------------------------------------------------------------------    -------------------

                         (clock sys_clk rise edge)   10.000    10.000 r  
    E3                                                0.000    10.000 r  clk (IN)
                         net (fo=0)                   0.000    10.000    clk
    E3                   IBUF (Prop_ibuf_I_O)         1.411    11.411 r  clk_IBUF_inst/O
                         net (fo=1, routed)           1.920    13.331    clk_IBUF
    BUFGCTRL_X0Y16       BUFG (Prop_bufg_I_O)         0.091    13.422 r  clk_IBUF_BUFG_inst/O
                         net (fo=699, routed)         1.528    14.951    adaptive_accelerator_inst/rl_controller_inst/CLK
    SLICE_X10Y97         FDRE                                         r  adaptive_accelerator_inst/rl_controller_inst/max_next_q_reg_reg[3]/C
                         clock pessimism              0.180    15.131    
                         clock uncertainty           -0.035    15.095    
    SLICE_X10Y97         FDRE (Setup_fdre_C_D)        0.077    15.172    adaptive_accelerator_inst/rl_controller_inst/max_next_q_reg_reg[3]
  -------------------------------------------------------------------
                         required time                         15.172    
                         arrival time                         -14.524    
  -------------------------------------------------------------------
                         slack                                  0.649    

Slack (MET) :             0.725ns  (required time - arrival time)
  Source:                 adaptive_accelerator_inst/rl_utilization_reg[4]/C
                            (rising edge-triggered cell FDRE clocked by sys_clk  {rise@0.000ns fall@5.000ns period=10.000ns})
  Destination:            adaptive_accelerator_inst/rl_controller_inst/max_next_q_reg_reg[1]/D
                            (rising edge-triggered cell FDRE clocked by sys_clk  {rise@0.000ns fall@5.000ns period=10.000ns})
  Path Group:             sys_clk
  Path Type:              Setup (Max at Slow Process Corner)
  Requirement:            10.000ns  (sys_clk rise@10.000ns - sys_clk rise@0.000ns)
  Data Path Delay:        9.213ns  (logic 2.032ns (22.055%)  route 7.181ns (77.945%))
  Logic Levels:           9  (CARRY4=2 LUT4=3 LUT5=1 LUT6=3)
  Clock Path Skew:        -0.104ns (DCD - SCD + CPR)
    Destination Clock Delay (DCD):    5.027ns = ( 15.027 - 10.000 ) 
    Source Clock Delay      (SCD):    5.310ns
    Clock Pessimism Removal (CPR):    0.180ns
  Clock Uncertainty:      0.035ns  ((TSJ^2 + TIJ^2)^1/2 + DJ) / 2 + PE
    Total System Jitter     (TSJ):    0.071ns
    Total Input Jitter      (TIJ):    0.000ns
    Discrete Jitter          (DJ):    0.000ns
    Phase Error              (PE):    0.000ns

    Location             Delay type                Incr(ns)  Path(ns)    Netlist Resource(s)
  -------------------------------------------------------------------    -------------------
                         (clock sys_clk rise edge)    0.000     0.000 r  
    E3                                                0.000     0.000 r  clk (IN)
                         net (fo=0)                   0.000     0.000    clk
    E3                   IBUF (Prop_ibuf_I_O)         1.482     1.482 r  clk_IBUF_inst/O
                         net (fo=1, routed)           2.025     3.506    clk_IBUF
    BUFGCTRL_X0Y16       BUFG (Prop_bufg_I_O)         0.096     3.602 r  clk_IBUF_BUFG_inst/O
                         net (fo=699, routed)         1.708     5.310    adaptive_accelerator_inst/CLK
    SLICE_X6Y106         FDRE                                         r  adaptive_accelerator_inst/rl_utilization_reg[4]/C
  -------------------------------------------------------------------    -------------------
    SLICE_X6Y106         FDRE (Prop_fdre_C_Q)         0.518     5.828 r  adaptive_accelerator_inst/rl_utilization_reg[4]/Q
                         net (fo=4, routed)           0.665     6.493    adaptive_accelerator_inst/rl_controller_inst/Q[3]
    SLICE_X4Y105         LUT4 (Prop_lut4_I0_O)        0.124     6.617 f  adaptive_accelerator_inst/rl_controller_inst/stored_state[3]_i_11/O
                         net (fo=1, routed)           0.447     7.064    adaptive_accelerator_inst/rl_controller_inst/stored_state[3]_i_11_n_0
    SLICE_X6Y107         LUT6 (Prop_lut6_I1_O)        0.124     7.188 f  adaptive_accelerator_inst/rl_controller_inst/stored_state[3]_i_6/O
                         net (fo=2, routed)           0.855     8.043    adaptive_accelerator_inst/rl_controller_inst/stored_state[3]_i_6_n_0
    SLICE_X6Y107         LUT6 (Prop_lut6_I1_O)        0.124     8.167 r  adaptive_accelerator_inst/rl_controller_inst/stored_state[3]_i_4/O
                         net (fo=2, routed)           0.975     9.143    adaptive_accelerator_inst/rl_controller_inst/state_encoder/A[1]
    SLICE_X6Y104         LUT4 (Prop_lut4_I3_O)        0.124     9.267 r  adaptive_accelerator_inst/rl_controller_inst/stored_state[3]_i_2/O
                         net (fo=49, routed)          1.589    10.856    adaptive_accelerator_inst/rl_controller_inst/stored_state[3]_i_2_n_0
    SLICE_X4Y95          LUT5 (Prop_lut5_I1_O)        0.124    10.980 r  adaptive_accelerator_inst/rl_controller_inst/max_next_q_reg[1]_i_2/O
                         net (fo=9, routed)           1.213    12.193    adaptive_accelerator_inst/rl_controller_inst/max_next_q_reg[1]_i_2_n_0
    SLICE_X9Y97          LUT4 (Prop_lut4_I2_O)        0.124    12.317 r  adaptive_accelerator_inst/rl_controller_inst/max_next_q2_carry_i_8/O
                         net (fo=1, routed)           0.000    12.317    adaptive_accelerator_inst/rl_controller_inst/max_next_q2_carry_i_8_n_0
    SLICE_X9Y97          CARRY4 (Prop_carry4_S[0]_CO[3])
                                                      0.532    12.849 r  adaptive_accelerator_inst/rl_controller_inst/max_next_q2_carry/CO[3]
                         net (fo=1, routed)           0.000    12.849    adaptive_accelerator_inst/rl_controller_inst/max_next_q2_carry_n_0
    SLICE_X9Y98          CARRY4 (Prop_carry4_CI_CO[3])
                                                      0.114    12.963 r  adaptive_accelerator_inst/rl_controller_inst/max_next_q2_carry__0/CO[3]
                         net (fo=16, routed)          1.437    14.400    adaptive_accelerator_inst/rl_controller_inst/max_next_q2
    SLICE_X6Y97          LUT6 (Prop_lut6_I2_O)        0.124    14.524 r  adaptive_accelerator_inst/rl_controller_inst/max_next_q_reg[1]_i_1/O
                         net (fo=1, routed)           0.000    14.524    adaptive_accelerator_inst/rl_controller_inst/A[1]
    SLICE_X6Y97          FDRE                                         r  adaptive_accelerator_inst/rl_controller_inst/max_next_q_reg_reg[1]/D
  -------------------------------------------------------------------    -------------------

                         (clock sys_clk rise edge)   10.000    10.000 r  
    E3                                                0.000    10.000 r  clk (IN)
                         net (fo=0)                   0.000    10.000    clk
    E3                   IBUF (Prop_ibuf_I_O)         1.411    11.411 r  clk_IBUF_inst/O
                         net (fo=1, routed)           1.920    13.331    clk_IBUF
    BUFGCTRL_X0Y16       BUFG (Prop_bufg_I_O)         0.091    13.422 r  clk_IBUF_BUFG_inst/O
                         net (fo=699, routed)         1.604    15.027    adaptive_accelerator_inst/rl_controller_inst/CLK
    SLICE_X6Y97          FDRE                                         r  adaptive_accelerator_inst/rl_controller_inst/max_next_q_reg_reg[1]/C
                         clock pessimism              0.180    15.207    
                         clock uncertainty           -0.035    15.171    
    SLICE_X6Y97          FDRE (Setup_fdre_C_D)        0.077    15.248    adaptive_accelerator_inst/rl_controller_inst/max_next_q_reg_reg[1]
  -------------------------------------------------------------------
                         required time                         15.248    
                         arrival time                         -14.524    
  -------------------------------------------------------------------
                         slack                                  0.725    

Slack (MET) :             0.727ns  (required time - arrival time)
  Source:                 adaptive_accelerator_inst/rl_utilization_reg[21]/C
                            (rising edge-triggered cell FDRE clocked by sys_clk  {rise@0.000ns fall@5.000ns period=10.000ns})
  Destination:            adaptive_accelerator_inst/rl_controller_inst/max_next_q_reg_reg[6]/D
                            (rising edge-triggered cell FDRE clocked by sys_clk  {rise@0.000ns fall@5.000ns period=10.000ns})
  Path Group:             sys_clk
  Path Type:              Setup (Max at Slow Process Corner)
  Requirement:            10.000ns  (sys_clk rise@10.000ns - sys_clk rise@0.000ns)
  Data Path Delay:        9.144ns  (logic 1.963ns (21.467%)  route 7.181ns (78.533%))
  Logic Levels:           10  (CARRY4=2 LUT4=3 LUT5=1 LUT6=4)
  Clock Path Skew:        -0.175ns (DCD - SCD + CPR)
    Destination Clock Delay (DCD):    4.951ns = ( 14.951 - 10.000 ) 
    Source Clock Delay      (SCD):    5.305ns
    Clock Pessimism Removal (CPR):    0.180ns
  Clock Uncertainty:      0.035ns  ((TSJ^2 + TIJ^2)^1/2 + DJ) / 2 + PE
    Total System Jitter     (TSJ):    0.071ns
    Total Input Jitter      (TIJ):    0.000ns
    Discrete Jitter          (DJ):    0.000ns
    Phase Error              (PE):    0.000ns

    Location             Delay type                Incr(ns)  Path(ns)    Netlist Resource(s)
  -------------------------------------------------------------------    -------------------
                         (clock sys_clk rise edge)    0.000     0.000 r  
    E3                                                0.000     0.000 r  clk (IN)
                         net (fo=0)                   0.000     0.000    clk
    E3                   IBUF (Prop_ibuf_I_O)         1.482     1.482 r  clk_IBUF_inst/O
                         net (fo=1, routed)           2.025     3.506    clk_IBUF
    BUFGCTRL_X0Y16       BUFG (Prop_bufg_I_O)         0.096     3.602 r  clk_IBUF_BUFG_inst/O
                         net (fo=699, routed)         1.703     5.305    adaptive_accelerator_inst/CLK
    SLICE_X5Y113         FDRE                                         r  adaptive_accelerator_inst/rl_utilization_reg[21]/C
  -------------------------------------------------------------------    -------------------
    SLICE_X5Y113         FDRE (Prop_fdre_C_Q)         0.456     5.761 f  adaptive_accelerator_inst/rl_utilization_reg[21]/Q
                         net (fo=2, routed)           0.666     6.428    adaptive_accelerator_inst/rl_controller_inst/Q[20]
    SLICE_X5Y113         LUT4 (Prop_lut4_I0_O)        0.124     6.552 f  adaptive_accelerator_inst/rl_controller_inst/stored_state[3]_i_12/O
                         net (fo=1, routed)           0.581     7.133    adaptive_accelerator_inst/rl_controller_inst/stored_state[3]_i_12_n_0
    SLICE_X7Y112         LUT6 (Prop_lut6_I0_O)        0.124     7.257 f  adaptive_accelerator_inst/rl_controller_inst/stored_state[3]_i_9/O
                         net (fo=3, routed)           0.725     7.981    adaptive_accelerator_inst/rl_controller_inst/stored_state[3]_i_9_n_0
    SLICE_X6Y107         LUT6 (Prop_lut6_I4_O)        0.124     8.105 r  adaptive_accelerator_inst/rl_controller_inst/stored_state[3]_i_3/O
                         net (fo=4, routed)           0.970     9.076    adaptive_accelerator_inst/rl_controller_inst/state_encoder/A[0]
    SLICE_X7Y103         LUT4 (Prop_lut4_I0_O)        0.124     9.200 r  adaptive_accelerator_inst/rl_controller_inst/stored_state[1]_i_2/O
                         net (fo=97, routed)          1.376    10.576    adaptive_accelerator_inst/rl_controller_inst/stored_state[1]_i_2_n_0
    SLICE_X10Y95         LUT6 (Prop_lut6_I2_O)        0.124    10.700 r  adaptive_accelerator_inst/rl_controller_inst/max_next_q_reg[7]_i_9/O
                         net (fo=1, routed)           0.675    11.375    adaptive_accelerator_inst/rl_controller_inst/max_next_q_reg[7]_i_9_n_0
    SLICE_X10Y95         LUT5 (Prop_lut5_I2_O)        0.124    11.499 r  adaptive_accelerator_inst/rl_controller_inst/max_next_q_reg[7]_i_4/O
                         net (fo=9, routed)           1.009    12.508    adaptive_accelerator_inst/rl_controller_inst/q_table__127[7]
    SLICE_X9Y99          LUT4 (Prop_lut4_I3_O)        0.124    12.632 r  adaptive_accelerator_inst/rl_controller_inst/action2_carry_i_5/O
                         net (fo=1, routed)           0.000    12.632    adaptive_accelerator_inst/rl_controller_inst/action2_carry_i_5_n_0
    SLICE_X9Y99          CARRY4 (Prop_carry4_S[3]_CO[3])
                                                      0.401    13.033 r  adaptive_accelerator_inst/rl_controller_inst/action2_carry/CO[3]
                         net (fo=1, routed)           0.001    13.034    adaptive_accelerator_inst/rl_controller_inst/action2_carry_n_0
    SLICE_X9Y100         CARRY4 (Prop_carry4_CI_CO[3])
                                                      0.114    13.148 r  adaptive_accelerator_inst/rl_controller_inst/action2_carry__0/CO[3]
                         net (fo=19, routed)          1.178    14.326    adaptive_accelerator_inst/rl_controller_inst/action25_in
    SLICE_X10Y97         LUT6 (Prop_lut6_I4_O)        0.124    14.450 r  adaptive_accelerator_inst/rl_controller_inst/max_next_q_reg[6]_i_1/O
                         net (fo=1, routed)           0.000    14.450    adaptive_accelerator_inst/rl_controller_inst/A[6]
    SLICE_X10Y97         FDRE                                         r  adaptive_accelerator_inst/rl_controller_inst/max_next_q_reg_reg[6]/D
  -------------------------------------------------------------------    -------------------

                         (clock sys_clk rise edge)   10.000    10.000 r  
    E3                                                0.000    10.000 r  clk (IN)
                         net (fo=0)                   0.000    10.000    clk
    E3                   IBUF (Prop_ibuf_I_O)         1.411    11.411 r  clk_IBUF_inst/O
                         net (fo=1, routed)           1.920    13.331    clk_IBUF
    BUFGCTRL_X0Y16       BUFG (Prop_bufg_I_O)         0.091    13.422 r  clk_IBUF_BUFG_inst/O
                         net (fo=699, routed)         1.528    14.951    adaptive_accelerator_inst/rl_controller_inst/CLK
    SLICE_X10Y97         FDRE                                         r  adaptive_accelerator_inst/rl_controller_inst/max_next_q_reg_reg[6]/C
                         clock pessimism              0.180    15.131    
                         clock uncertainty           -0.035    15.095    
    SLICE_X10Y97         FDRE (Setup_fdre_C_D)        0.081    15.176    adaptive_accelerator_inst/rl_controller_inst/max_next_q_reg_reg[6]
  -------------------------------------------------------------------
                         required time                         15.176    
                         arrival time                         -14.450    
  -------------------------------------------------------------------
                         slack                                  0.727    





Min Delay Paths
--------------------------------------------------------------------------------------
Slack (MET) :             0.106ns  (arrival time - required time)
  Source:                 adaptive_accelerator_inst/rl_controller_inst/q_old_reg_reg[9]/C
                            (rising edge-triggered cell FDRE clocked by sys_clk  {rise@0.000ns fall@5.000ns period=10.000ns})
  Destination:            adaptive_accelerator_inst/rl_controller_inst/q_table_reg[0][0][10]/D
                            (rising edge-triggered cell FDRE clocked by sys_clk  {rise@0.000ns fall@5.000ns period=10.000ns})
  Path Group:             sys_clk
  Path Type:              Hold (Min at Fast Process Corner)
  Requirement:            0.000ns  (sys_clk rise@0.000ns - sys_clk rise@0.000ns)
  Data Path Delay:        0.472ns  (logic 0.287ns (60.754%)  route 0.185ns (39.246%))
  Logic Levels:           1  (CARRY4=1)
  Clock Path Skew:        0.264ns (DCD - SCD - CPR)
    Destination Clock Delay (DCD):    2.034ns
    Source Clock Delay      (SCD):    1.524ns
    Clock Pessimism Removal (CPR):    0.245ns

    Location             Delay type                Incr(ns)  Path(ns)    Netlist Resource(s)
  -------------------------------------------------------------------    -------------------
                         (clock sys_clk rise edge)    0.000     0.000 r  
    E3                                                0.000     0.000 r  clk (IN)
                         net (fo=0)                   0.000     0.000    clk
    E3                   IBUF (Prop_ibuf_I_O)         0.250     0.250 r  clk_IBUF_inst/O
                         net (fo=1, routed)           0.644     0.894    clk_IBUF
    BUFGCTRL_X0Y16       BUFG (Prop_bufg_I_O)         0.026     0.920 r  clk_IBUF_BUFG_inst/O
                         net (fo=699, routed)         0.605     1.524    adaptive_accelerator_inst/rl_controller_inst/CLK
    SLICE_X0Y99          FDRE                                         r  adaptive_accelerator_inst/rl_controller_inst/q_old_reg_reg[9]/C
  -------------------------------------------------------------------    -------------------
    SLICE_X0Y99          FDRE (Prop_fdre_C_Q)         0.141     1.665 r  adaptive_accelerator_inst/rl_controller_inst/q_old_reg_reg[9]/Q
                         net (fo=4, routed)           0.185     1.851    adaptive_accelerator_inst/rl_controller_inst/q_old_reg_reg_n_0_[9]
    SLICE_X4Y100         CARRY4 (Prop_carry4_DI[1]_O[2])
                                                      0.146     1.997 r  adaptive_accelerator_inst/rl_controller_inst/q_table_reg[0][2]0_carry__1/O[2]
                         net (fo=27, routed)          0.000     1.997    adaptive_accelerator_inst/rl_controller_inst/q_table_reg[0][2]0_carry__1_n_5
    SLICE_X4Y100         FDRE                                         r  adaptive_accelerator_inst/rl_controller_inst/q_table_reg[0][0][10]/D
  -------------------------------------------------------------------    -------------------

                         (clock sys_clk rise edge)    0.000     0.000 r  
    E3                                                0.000     0.000 r  clk (IN)
                         net (fo=0)                   0.000     0.000    clk
    E3                   IBUF (Prop_ibuf_I_O)         0.438     0.438 r  clk_IBUF_inst/O
                         net (fo=1, routed)           0.699     1.136    clk_IBUF
    BUFGCTRL_X0Y16       BUFG (Prop_bufg_I_O)         0.029     1.165 r  clk_IBUF_BUFG_inst/O
                         net (fo=699, routed)         0.868     2.034    adaptive_accelerator_inst/rl_controller_inst/CLK
    SLICE_X4Y100         FDRE                                         r  adaptive_accelerator_inst/rl_controller_inst/q_table_reg[0][0][10]/C
                         clock pessimism             -0.245     1.788    
    SLICE_X4Y100         FDRE (Hold_fdre_C_D)         0.102     1.890    adaptive_accelerator_inst/rl_controller_inst/q_table_reg[0][0][10]
  -------------------------------------------------------------------
                         required time                         -1.890    
                         arrival time                           1.997    
  -------------------------------------------------------------------
                         slack                                  0.106    

Slack (MET) :             0.117ns  (arrival time - required time)
  Source:                 adaptive_accelerator_inst/rl_controller_inst/q_table_reg[8][0][4]/C
                            (rising edge-triggered cell FDSE clocked by sys_clk  {rise@0.000ns fall@5.000ns period=10.000ns})
  Destination:            adaptive_accelerator_inst/rl_controller_inst/q_old_reg_reg[4]/D
                            (rising edge-triggered cell FDRE clocked by sys_clk  {rise@0.000ns fall@5.000ns period=10.000ns})
  Path Group:             sys_clk
  Path Type:              Hold (Min at Fast Process Corner)
  Requirement:            0.000ns  (sys_clk rise@0.000ns - sys_clk rise@0.000ns)
  Data Path Delay:        0.251ns  (logic 0.186ns (74.042%)  route 0.065ns (25.958%))
  Logic Levels:           1  (LUT6=1)
  Clock Path Skew:        0.013ns (DCD - SCD - CPR)
    Destination Clock Delay (DCD):    2.039ns
    Source Clock Delay      (SCD):    1.522ns
    Clock Pessimism Removal (CPR):    0.503ns

    Location             Delay type                Incr(ns)  Path(ns)    Netlist Resource(s)
  -------------------------------------------------------------------    -------------------
                         (clock sys_clk rise edge)    0.000     0.000 r  
    E3                                                0.000     0.000 r  clk (IN)
                         net (fo=0)                   0.000     0.000    clk
    E3                   IBUF (Prop_ibuf_I_O)         0.250     0.250 r  clk_IBUF_inst/O
                         net (fo=1, routed)           0.644     0.894    clk_IBUF
    BUFGCTRL_X0Y16       BUFG (Prop_bufg_I_O)         0.026     0.920 r  clk_IBUF_BUFG_inst/O
                         net (fo=699, routed)         0.603     1.522    adaptive_accelerator_inst/rl_controller_inst/CLK
    SLICE_X7Y96          FDSE                                         r  adaptive_accelerator_inst/rl_controller_inst/q_table_reg[8][0][4]/C
  -------------------------------------------------------------------    -------------------
    SLICE_X7Y96          FDSE (Prop_fdse_C_Q)         0.141     1.663 r  adaptive_accelerator_inst/rl_controller_inst/q_table_reg[8][0][4]/Q
                         net (fo=2, routed)           0.065     1.729    adaptive_accelerator_inst/rl_controller_inst/q_table_reg[8][0]_17[4]
    SLICE_X6Y96          LUT6 (Prop_lut6_I2_O)        0.045     1.774 r  adaptive_accelerator_inst/rl_controller_inst/q_old_reg[4]_i_1/O
                         net (fo=1, routed)           0.000     1.774    adaptive_accelerator_inst/rl_controller_inst/q_old_reg[4]_i_1_n_0
    SLICE_X6Y96          FDRE                                         r  adaptive_accelerator_inst/rl_controller_inst/q_old_reg_reg[4]/D
  -------------------------------------------------------------------    -------------------

                         (clock sys_clk rise edge)    0.000     0.000 r  
    E3                                                0.000     0.000 r  clk (IN)
                         net (fo=0)                   0.000     0.000    clk
    E3                   IBUF (Prop_ibuf_I_O)         0.438     0.438 r  clk_IBUF_inst/O
                         net (fo=1, routed)           0.699     1.136    clk_IBUF
    BUFGCTRL_X0Y16       BUFG (Prop_bufg_I_O)         0.029     1.165 r  clk_IBUF_BUFG_inst/O
                         net (fo=699, routed)         0.874     2.039    adaptive_accelerator_inst/rl_controller_inst/CLK
    SLICE_X6Y96          FDRE                                         r  adaptive_accelerator_inst/rl_controller_inst/q_old_reg_reg[4]/C
                         clock pessimism             -0.503     1.535    
    SLICE_X6Y96          FDRE (Hold_fdre_C_D)         0.121     1.656    adaptive_accelerator_inst/rl_controller_inst/q_old_reg_reg[4]
  -------------------------------------------------------------------
                         required time                         -1.656    
                         arrival time                           1.774    
  -------------------------------------------------------------------
                         slack                                  0.117    

Slack (MET) :             0.118ns  (arrival time - required time)
  Source:                 start_counter_reg[15]/C
                            (rising edge-triggered cell FDRE clocked by sys_clk  {rise@0.000ns fall@5.000ns period=10.000ns})
  Destination:            start_counter_reg[16]/D
                            (rising edge-triggered cell FDRE clocked by sys_clk  {rise@0.000ns fall@5.000ns period=10.000ns})
  Path Group:             sys_clk
  Path Type:              Hold (Min at Fast Process Corner)
  Requirement:            0.000ns  (sys_clk rise@0.000ns - sys_clk rise@0.000ns)
  Data Path Delay:        0.490ns  (logic 0.355ns (72.517%)  route 0.135ns (27.483%))
  Logic Levels:           2  (CARRY4=2)
  Clock Path Skew:        0.267ns (DCD - SCD - CPR)
    Destination Clock Delay (DCD):    2.037ns
    Source Clock Delay      (SCD):    1.524ns
    Clock Pessimism Removal (CPR):    0.245ns

    Location             Delay type                Incr(ns)  Path(ns)    Netlist Resource(s)
  -------------------------------------------------------------------    -------------------
                         (clock sys_clk rise edge)    0.000     0.000 r  
    E3                                                0.000     0.000 r  clk (IN)
                         net (fo=0)                   0.000     0.000    clk
    E3                   IBUF (Prop_ibuf_I_O)         0.250     0.250 r  clk_IBUF_inst/O
                         net (fo=1, routed)           0.644     0.894    clk_IBUF
    BUFGCTRL_X0Y16       BUFG (Prop_bufg_I_O)         0.026     0.920 r  clk_IBUF_BUFG_inst/O
                         net (fo=699, routed)         0.605     1.524    clk_IBUF_BUFG
    SLICE_X1Y99          FDRE                                         r  start_counter_reg[15]/C
  -------------------------------------------------------------------    -------------------
    SLICE_X1Y99          FDRE (Prop_fdre_C_Q)         0.141     1.665 r  start_counter_reg[15]/Q
                         net (fo=3, routed)           0.134     1.799    start_counter_reg[15]
    SLICE_X1Y99          CARRY4 (Prop_carry4_S[3]_CO[3])
                                                      0.160     1.959 r  start_counter_reg[12]_i_1/CO[3]
                         net (fo=1, routed)           0.001     1.960    start_counter_reg[12]_i_1_n_0
    SLICE_X1Y100         CARRY4 (Prop_carry4_CI_O[0])
                                                      0.054     2.014 r  start_counter_reg[16]_i_1/O[0]
                         net (fo=1, routed)           0.000     2.014    start_counter_reg[16]_i_1_n_7
    SLICE_X1Y100         FDRE                                         r  start_counter_reg[16]/D
  -------------------------------------------------------------------    -------------------

                         (clock sys_clk rise edge)    0.000     0.000 r  
    E3                                                0.000     0.000 r  clk (IN)
                         net (fo=0)                   0.000     0.000    clk
    E3                   IBUF (Prop_ibuf_I_O)         0.438     0.438 r  clk_IBUF_inst/O
                         net (fo=1, routed)           0.699     1.136    clk_IBUF
    BUFGCTRL_X0Y16       BUFG (Prop_bufg_I_O)         0.029     1.165 r  clk_IBUF_BUFG_inst/O
                         net (fo=699, routed)         0.872     2.037    clk_IBUF_BUFG
    SLICE_X1Y100         FDRE                                         r  start_counter_reg[16]/C
                         clock pessimism             -0.245     1.791    
    SLICE_X1Y100         FDRE (Hold_fdre_C_D)         0.105     1.896    start_counter_reg[16]
  -------------------------------------------------------------------
                         required time                         -1.896    
                         arrival time                           2.014    
  -------------------------------------------------------------------
                         slack                                  0.118    

Slack (MET) :             0.127ns  (arrival time - required time)
  Source:                 adaptive_accelerator_inst/rl_controller_inst/q_old_reg_reg[9]/C
                            (rising edge-triggered cell FDRE clocked by sys_clk  {rise@0.000ns fall@5.000ns period=10.000ns})
  Destination:            adaptive_accelerator_inst/rl_controller_inst/q_table_reg[0][0][11]/D
                            (rising edge-triggered cell FDRE clocked by sys_clk  {rise@0.000ns fall@5.000ns period=10.000ns})
  Path Group:             sys_clk
  Path Type:              Hold (Min at Fast Process Corner)
  Requirement:            0.000ns  (sys_clk rise@0.000ns - sys_clk rise@0.000ns)
  Data Path Delay:        0.493ns  (logic 0.308ns (62.424%)  route 0.185ns (37.576%))
  Logic Levels:           1  (CARRY4=1)
  Clock Path Skew:        0.264ns (DCD - SCD - CPR)
    Destination Clock Delay (DCD):    2.034ns
    Source Clock Delay      (SCD):    1.524ns
    Clock Pessimism Removal (CPR):    0.245ns

    Location             Delay type                Incr(ns)  Path(ns)    Netlist Resource(s)
  -------------------------------------------------------------------    -------------------
                         (clock sys_clk rise edge)    0.000     0.000 r  
    E3                                                0.000     0.000 r  clk (IN)
                         net (fo=0)                   0.000     0.000    clk
    E3                   IBUF (Prop_ibuf_I_O)         0.250     0.250 r  clk_IBUF_inst/O
                         net (fo=1, routed)           0.644     0.894    clk_IBUF
    BUFGCTRL_X0Y16       BUFG (Prop_bufg_I_O)         0.026     0.920 r  clk_IBUF_BUFG_inst/O
                         net (fo=699, routed)         0.605     1.524    adaptive_accelerator_inst/rl_controller_inst/CLK
    SLICE_X0Y99          FDRE                                         r  adaptive_accelerator_inst/rl_controller_inst/q_old_reg_reg[9]/C
  -------------------------------------------------------------------    -------------------
    SLICE_X0Y99          FDRE (Prop_fdre_C_Q)         0.141     1.665 r  adaptive_accelerator_inst/rl_controller_inst/q_old_reg_reg[9]/Q
                         net (fo=4, routed)           0.185     1.851    adaptive_accelerator_inst/rl_controller_inst/q_old_reg_reg_n_0_[9]
    SLICE_X4Y100         CARRY4 (Prop_carry4_DI[1]_O[3])
                                                      0.167     2.018 r  adaptive_accelerator_inst/rl_controller_inst/q_table_reg[0][2]0_carry__1/O[3]
                         net (fo=27, routed)          0.000     2.018    adaptive_accelerator_inst/rl_controller_inst/q_table_reg[0][2]0_carry__1_n_4
    SLICE_X4Y100         FDRE                                         r  adaptive_accelerator_inst/rl_controller_inst/q_table_reg[0][0][11]/D
  -------------------------------------------------------------------    -------------------

                         (clock sys_clk rise edge)    0.000     0.000 r  
    E3                                                0.000     0.000 r  clk (IN)
                         net (fo=0)                   0.000     0.000    clk
    E3                   IBUF (Prop_ibuf_I_O)         0.438     0.438 r  clk_IBUF_inst/O
                         net (fo=1, routed)           0.699     1.136    clk_IBUF
    BUFGCTRL_X0Y16       BUFG (Prop_bufg_I_O)         0.029     1.165 r  clk_IBUF_BUFG_inst/O
                         net (fo=699, routed)         0.868     2.034    adaptive_accelerator_inst/rl_controller_inst/CLK
    SLICE_X4Y100         FDRE                                         r  adaptive_accelerator_inst/rl_controller_inst/q_table_reg[0][0][11]/C
                         clock pessimism             -0.245     1.788    
    SLICE_X4Y100         FDRE (Hold_fdre_C_D)         0.102     1.890    adaptive_accelerator_inst/rl_controller_inst/q_table_reg[0][0][11]
  -------------------------------------------------------------------
                         required time                         -1.890    
                         arrival time                           2.018    
  -------------------------------------------------------------------
                         slack                                  0.127    

Slack (MET) :             0.129ns  (arrival time - required time)
  Source:                 start_counter_reg[15]/C
                            (rising edge-triggered cell FDRE clocked by sys_clk  {rise@0.000ns fall@5.000ns period=10.000ns})
  Destination:            start_counter_reg[18]/D
                            (rising edge-triggered cell FDRE clocked by sys_clk  {rise@0.000ns fall@5.000ns period=10.000ns})
  Path Group:             sys_clk
  Path Type:              Hold (Min at Fast Process Corner)
  Requirement:            0.000ns  (sys_clk rise@0.000ns - sys_clk rise@0.000ns)
  Data Path Delay:        0.501ns  (logic 0.366ns (73.121%)  route 0.135ns (26.879%))
  Logic Levels:           2  (CARRY4=2)
  Clock Path Skew:        0.267ns (DCD - SCD - CPR)
    Destination Clock Delay (DCD):    2.037ns
    Source Clock Delay      (SCD):    1.524ns
    Clock Pessimism Removal (CPR):    0.245ns

    Location             Delay type                Incr(ns)  Path(ns)    Netlist Resource(s)
  -------------------------------------------------------------------    -------------------
                         (clock sys_clk rise edge)    0.000     0.000 r  
    E3                                                0.000     0.000 r  clk (IN)
                         net (fo=0)                   0.000     0.000    clk
    E3                   IBUF (Prop_ibuf_I_O)         0.250     0.250 r  clk_IBUF_inst/O
                         net (fo=1, routed)           0.644     0.894    clk_IBUF
    BUFGCTRL_X0Y16       BUFG (Prop_bufg_I_O)         0.026     0.920 r  clk_IBUF_BUFG_inst/O
                         net (fo=699, routed)         0.605     1.524    clk_IBUF_BUFG
    SLICE_X1Y99          FDRE                                         r  start_counter_reg[15]/C
  -------------------------------------------------------------------    -------------------
    SLICE_X1Y99          FDRE (Prop_fdre_C_Q)         0.141     1.665 r  start_counter_reg[15]/Q
                         net (fo=3, routed)           0.134     1.799    start_counter_reg[15]
    SLICE_X1Y99          CARRY4 (Prop_carry4_S[3]_CO[3])
                                                      0.160     1.959 r  start_counter_reg[12]_i_1/CO[3]
                         net (fo=1, routed)           0.001     1.960    start_counter_reg[12]_i_1_n_0
    SLICE_X1Y100         CARRY4 (Prop_carry4_CI_O[2])
                                                      0.065     2.025 r  start_counter_reg[16]_i_1/O[2]
                         net (fo=1, routed)           0.000     2.025    start_counter_reg[16]_i_1_n_5
    SLICE_X1Y100         FDRE                                         r  start_counter_reg[18]/D
  -------------------------------------------------------------------    -------------------

                         (clock sys_clk rise edge)    0.000     0.000 r  
    E3                                                0.000     0.000 r  clk (IN)
                         net (fo=0)                   0.000     0.000    clk
    E3                   IBUF (Prop_ibuf_I_O)         0.438     0.438 r  clk_IBUF_inst/O
                         net (fo=1, routed)           0.699     1.136    clk_IBUF
    BUFGCTRL_X0Y16       BUFG (Prop_bufg_I_O)         0.029     1.165 r  clk_IBUF_BUFG_inst/O
                         net (fo=699, routed)         0.872     2.037    clk_IBUF_BUFG
    SLICE_X1Y100         FDRE                                         r  start_counter_reg[18]/C
                         clock pessimism             -0.245     1.791    
    SLICE_X1Y100         FDRE (Hold_fdre_C_D)         0.105     1.896    start_counter_reg[18]
  -------------------------------------------------------------------
                         required time                         -1.896    
                         arrival time                           2.025    
  -------------------------------------------------------------------
                         slack                                  0.129    

Slack (MET) :             0.136ns  (arrival time - required time)
  Source:                 adaptive_accelerator_inst/rl_controller_inst/q_old_reg_reg[6]/C
                            (rising edge-triggered cell FDRE clocked by sys_clk  {rise@0.000ns fall@5.000ns period=10.000ns})
  Destination:            adaptive_accelerator_inst/rl_controller_inst/q_table_reg[0][0][8]/D
                            (rising edge-triggered cell FDSE clocked by sys_clk  {rise@0.000ns fall@5.000ns period=10.000ns})
  Path Group:             sys_clk
  Path Type:              Hold (Min at Fast Process Corner)
  Requirement:            0.000ns  (sys_clk rise@0.000ns - sys_clk rise@0.000ns)
  Data Path Delay:        0.502ns  (logic 0.312ns (62.200%)  route 0.190ns (37.800%))
  Logic Levels:           2  (CARRY4=2)
  Clock Path Skew:        0.264ns (DCD - SCD - CPR)
    Destination Clock Delay (DCD):    2.034ns
    Source Clock Delay      (SCD):    1.524ns
    Clock Pessimism Removal (CPR):    0.245ns

    Location             Delay type                Incr(ns)  Path(ns)    Netlist Resource(s)
  -------------------------------------------------------------------    -------------------
                         (clock sys_clk rise edge)    0.000     0.000 r  
    E3                                                0.000     0.000 r  clk (IN)
                         net (fo=0)                   0.000     0.000    clk
    E3                   IBUF (Prop_ibuf_I_O)         0.250     0.250 r  clk_IBUF_inst/O
                         net (fo=1, routed)           0.644     0.894    clk_IBUF
    BUFGCTRL_X0Y16       BUFG (Prop_bufg_I_O)         0.026     0.920 r  clk_IBUF_BUFG_inst/O
                         net (fo=699, routed)         0.605     1.524    adaptive_accelerator_inst/rl_controller_inst/CLK
    SLICE_X3Y98          FDRE                                         r  adaptive_accelerator_inst/rl_controller_inst/q_old_reg_reg[6]/C
  -------------------------------------------------------------------    -------------------
    SLICE_X3Y98          FDRE (Prop_fdre_C_Q)         0.141     1.665 r  adaptive_accelerator_inst/rl_controller_inst/q_old_reg_reg[6]/Q
                         net (fo=4, routed)           0.189     1.854    adaptive_accelerator_inst/rl_controller_inst/q_old_reg_reg_n_0_[6]
    SLICE_X4Y99          CARRY4 (Prop_carry4_DI[2]_CO[3])
                                                      0.117     1.971 r  adaptive_accelerator_inst/rl_controller_inst/q_table_reg[0][2]0_carry__0/CO[3]
                         net (fo=1, routed)           0.001     1.972    adaptive_accelerator_inst/rl_controller_inst/q_table_reg[0][2]0_carry__0_n_0
    SLICE_X4Y100         CARRY4 (Prop_carry4_CI_O[0])
                                                      0.054     2.026 r  adaptive_accelerator_inst/rl_controller_inst/q_table_reg[0][2]0_carry__1/O[0]
                         net (fo=27, routed)          0.000     2.026    adaptive_accelerator_inst/rl_controller_inst/q_table_reg[0][2]0_carry__1_n_7
    SLICE_X4Y100         FDSE                                         r  adaptive_accelerator_inst/rl_controller_inst/q_table_reg[0][0][8]/D
  -------------------------------------------------------------------    -------------------

                         (clock sys_clk rise edge)    0.000     0.000 r  
    E3                                                0.000     0.000 r  clk (IN)
                         net (fo=0)                   0.000     0.000    clk
    E3                   IBUF (Prop_ibuf_I_O)         0.438     0.438 r  clk_IBUF_inst/O
                         net (fo=1, routed)           0.699     1.136    clk_IBUF
    BUFGCTRL_X0Y16       BUFG (Prop_bufg_I_O)         0.029     1.165 r  clk_IBUF_BUFG_inst/O
                         net (fo=699, routed)         0.868     2.034    adaptive_accelerator_inst/rl_controller_inst/CLK
    SLICE_X4Y100         FDSE                                         r  adaptive_accelerator_inst/rl_controller_inst/q_table_reg[0][0][8]/C
                         clock pessimism             -0.245     1.788    
    SLICE_X4Y100         FDSE (Hold_fdse_C_D)         0.102     1.890    adaptive_accelerator_inst/rl_controller_inst/q_table_reg[0][0][8]
  -------------------------------------------------------------------
                         required time                         -1.890    
                         arrival time                           2.026    
  -------------------------------------------------------------------
                         slack                                  0.136    

Slack (MET) :             0.139ns  (arrival time - required time)
  Source:                 adaptive_accelerator_inst/rl_controller_inst/stored_action_reg[1]/C
                            (rising edge-triggered cell FDRE clocked by sys_clk  {rise@0.000ns fall@5.000ns period=10.000ns})
  Destination:            adaptive_accelerator_inst/rl_controller_inst/q_old_reg_reg[9]/D
                            (rising edge-triggered cell FDRE clocked by sys_clk  {rise@0.000ns fall@5.000ns period=10.000ns})
  Path Group:             sys_clk
  Path Type:              Hold (Min at Fast Process Corner)
  Requirement:            0.000ns  (sys_clk rise@0.000ns - sys_clk rise@0.000ns)
  Data Path Delay:        0.510ns  (logic 0.209ns (40.968%)  route 0.301ns (59.032%))
  Logic Levels:           1  (LUT6=1)
  Clock Path Skew:        0.280ns (DCD - SCD - CPR)
    Destination Clock Delay (DCD):    2.043ns
    Source Clock Delay      (SCD):    1.517ns
    Clock Pessimism Removal (CPR):    0.245ns

    Location             Delay type                Incr(ns)  Path(ns)    Netlist Resource(s)
  -------------------------------------------------------------------    -------------------
                         (clock sys_clk rise edge)    0.000     0.000 r  
    E3                                                0.000     0.000 r  clk (IN)
                         net (fo=0)                   0.000     0.000    clk
    E3                   IBUF (Prop_ibuf_I_O)         0.250     0.250 r  clk_IBUF_inst/O
                         net (fo=1, routed)           0.644     0.894    clk_IBUF
    BUFGCTRL_X0Y16       BUFG (Prop_bufg_I_O)         0.026     0.920 r  clk_IBUF_BUFG_inst/O
                         net (fo=699, routed)         0.598     1.517    adaptive_accelerator_inst/rl_controller_inst/CLK
    SLICE_X6Y101         FDRE                                         r  adaptive_accelerator_inst/rl_controller_inst/stored_action_reg[1]/C
  -------------------------------------------------------------------    -------------------
    SLICE_X6Y101         FDRE (Prop_fdre_C_Q)         0.164     1.681 f  adaptive_accelerator_inst/rl_controller_inst/stored_action_reg[1]/Q
                         net (fo=36, routed)          0.301     1.983    adaptive_accelerator_inst/rl_controller_inst/stored_action[1]
    SLICE_X0Y99          LUT6 (Prop_lut6_I1_O)        0.045     2.028 r  adaptive_accelerator_inst/rl_controller_inst/q_old_reg[9]_i_1/O
                         net (fo=1, routed)           0.000     2.028    adaptive_accelerator_inst/rl_controller_inst/q_old_reg[9]_i_1_n_0
    SLICE_X0Y99          FDRE                                         r  adaptive_accelerator_inst/rl_controller_inst/q_old_reg_reg[9]/D
  -------------------------------------------------------------------    -------------------

                         (clock sys_clk rise edge)    0.000     0.000 r  
    E3                                                0.000     0.000 r  clk (IN)
                         net (fo=0)                   0.000     0.000    clk
    E3                   IBUF (Prop_ibuf_I_O)         0.438     0.438 r  clk_IBUF_inst/O
                         net (fo=1, routed)           0.699     1.136    clk_IBUF
    BUFGCTRL_X0Y16       BUFG (Prop_bufg_I_O)         0.029     1.165 r  clk_IBUF_BUFG_inst/O
                         net (fo=699, routed)         0.878     2.043    adaptive_accelerator_inst/rl_controller_inst/CLK
    SLICE_X0Y99          FDRE                                         r  adaptive_accelerator_inst/rl_controller_inst/q_old_reg_reg[9]/C
                         clock pessimism             -0.245     1.797    
    SLICE_X0Y99          FDRE (Hold_fdre_C_D)         0.091     1.888    adaptive_accelerator_inst/rl_controller_inst/q_old_reg_reg[9]
  -------------------------------------------------------------------
                         required time                         -1.888    
                         arrival time                           2.028    
  -------------------------------------------------------------------
                         slack                                  0.139    

Slack (MET) :             0.154ns  (arrival time - required time)
  Source:                 start_counter_reg[15]/C
                            (rising edge-triggered cell FDRE clocked by sys_clk  {rise@0.000ns fall@5.000ns period=10.000ns})
  Destination:            start_counter_reg[17]/D
                            (rising edge-triggered cell FDRE clocked by sys_clk  {rise@0.000ns fall@5.000ns period=10.000ns})
  Path Group:             sys_clk
  Path Type:              Hold (Min at Fast Process Corner)
  Requirement:            0.000ns  (sys_clk rise@0.000ns - sys_clk rise@0.000ns)
  Data Path Delay:        0.526ns  (logic 0.391ns (74.400%)  route 0.135ns (25.600%))
  Logic Levels:           2  (CARRY4=2)
  Clock Path Skew:        0.267ns (DCD - SCD - CPR)
    Destination Clock Delay (DCD):    2.037ns
    Source Clock Delay      (SCD):    1.524ns
    Clock Pessimism Removal (CPR):    0.245ns

    Location             Delay type                Incr(ns)  Path(ns)    Netlist Resource(s)
  -------------------------------------------------------------------    -------------------
                         (clock sys_clk rise edge)    0.000     0.000 r  
    E3                                                0.000     0.000 r  clk (IN)
                         net (fo=0)                   0.000     0.000    clk
    E3                   IBUF (Prop_ibuf_I_O)         0.250     0.250 r  clk_IBUF_inst/O
                         net (fo=1, routed)           0.644     0.894    clk_IBUF
    BUFGCTRL_X0Y16       BUFG (Prop_bufg_I_O)         0.026     0.920 r  clk_IBUF_BUFG_inst/O
                         net (fo=699, routed)         0.605     1.524    clk_IBUF_BUFG
    SLICE_X1Y99          FDRE                                         r  start_counter_reg[15]/C
  -------------------------------------------------------------------    -------------------
    SLICE_X1Y99          FDRE (Prop_fdre_C_Q)         0.141     1.665 r  start_counter_reg[15]/Q
                         net (fo=3, routed)           0.134     1.799    start_counter_reg[15]
    SLICE_X1Y99          CARRY4 (Prop_carry4_S[3]_CO[3])
                                                      0.160     1.959 r  start_counter_reg[12]_i_1/CO[3]
                         net (fo=1, routed)           0.001     1.960    start_counter_reg[12]_i_1_n_0
    SLICE_X1Y100         CARRY4 (Prop_carry4_CI_O[1])
                                                      0.090     2.050 r  start_counter_reg[16]_i_1/O[1]
                         net (fo=1, routed)           0.000     2.050    start_counter_reg[16]_i_1_n_6
    SLICE_X1Y100         FDRE                                         r  start_counter_reg[17]/D
  -------------------------------------------------------------------    -------------------

                         (clock sys_clk rise edge)    0.000     0.000 r  
    E3                                                0.000     0.000 r  clk (IN)
                         net (fo=0)                   0.000     0.000    clk
    E3                   IBUF (Prop_ibuf_I_O)         0.438     0.438 r  clk_IBUF_inst/O
                         net (fo=1, routed)           0.699     1.136    clk_IBUF
    BUFGCTRL_X0Y16       BUFG (Prop_bufg_I_O)         0.029     1.165 r  clk_IBUF_BUFG_inst/O
                         net (fo=699, routed)         0.872     2.037    clk_IBUF_BUFG
    SLICE_X1Y100         FDRE                                         r  start_counter_reg[17]/C
                         clock pessimism             -0.245     1.791    
    SLICE_X1Y100         FDRE (Hold_fdre_C_D)         0.105     1.896    start_counter_reg[17]
  -------------------------------------------------------------------
                         required time                         -1.896    
                         arrival time                           2.050    
  -------------------------------------------------------------------
                         slack                                  0.154    

Slack (MET) :             0.154ns  (arrival time - required time)
  Source:                 start_counter_reg[15]/C
                            (rising edge-triggered cell FDRE clocked by sys_clk  {rise@0.000ns fall@5.000ns period=10.000ns})
  Destination:            start_counter_reg[19]/D
                            (rising edge-triggered cell FDRE clocked by sys_clk  {rise@0.000ns fall@5.000ns period=10.000ns})
  Path Group:             sys_clk
  Path Type:              Hold (Min at Fast Process Corner)
  Requirement:            0.000ns  (sys_clk rise@0.000ns - sys_clk rise@0.000ns)
  Data Path Delay:        0.526ns  (logic 0.391ns (74.400%)  route 0.135ns (25.600%))
  Logic Levels:           2  (CARRY4=2)
  Clock Path Skew:        0.267ns (DCD - SCD - CPR)
    Destination Clock Delay (DCD):    2.037ns
    Source Clock Delay      (SCD):    1.524ns
    Clock Pessimism Removal (CPR):    0.245ns

    Location             Delay type                Incr(ns)  Path(ns)    Netlist Resource(s)
  -------------------------------------------------------------------    -------------------
                         (clock sys_clk rise edge)    0.000     0.000 r  
    E3                                                0.000     0.000 r  clk (IN)
                         net (fo=0)                   0.000     0.000    clk
    E3                   IBUF (Prop_ibuf_I_O)         0.250     0.250 r  clk_IBUF_inst/O
                         net (fo=1, routed)           0.644     0.894    clk_IBUF
    BUFGCTRL_X0Y16       BUFG (Prop_bufg_I_O)         0.026     0.920 r  clk_IBUF_BUFG_inst/O
                         net (fo=699, routed)         0.605     1.524    clk_IBUF_BUFG
    SLICE_X1Y99          FDRE                                         r  start_counter_reg[15]/C
  -------------------------------------------------------------------    -------------------
    SLICE_X1Y99          FDRE (Prop_fdre_C_Q)         0.141     1.665 r  start_counter_reg[15]/Q
                         net (fo=3, routed)           0.134     1.799    start_counter_reg[15]
    SLICE_X1Y99          CARRY4 (Prop_carry4_S[3]_CO[3])
                                                      0.160     1.959 r  start_counter_reg[12]_i_1/CO[3]
                         net (fo=1, routed)           0.001     1.960    start_counter_reg[12]_i_1_n_0
    SLICE_X1Y100         CARRY4 (Prop_carry4_CI_O[3])
                                                      0.090     2.050 r  start_counter_reg[16]_i_1/O[3]
                         net (fo=1, routed)           0.000     2.050    start_counter_reg[16]_i_1_n_4
    SLICE_X1Y100         FDRE                                         r  start_counter_reg[19]/D
  -------------------------------------------------------------------    -------------------

                         (clock sys_clk rise edge)    0.000     0.000 r  
    E3                                                0.000     0.000 r  clk (IN)
                         net (fo=0)                   0.000     0.000    clk
    E3                   IBUF (Prop_ibuf_I_O)         0.438     0.438 r  clk_IBUF_inst/O
                         net (fo=1, routed)           0.699     1.136    clk_IBUF
    BUFGCTRL_X0Y16       BUFG (Prop_bufg_I_O)         0.029     1.165 r  clk_IBUF_BUFG_inst/O
                         net (fo=699, routed)         0.872     2.037    clk_IBUF_BUFG
    SLICE_X1Y100         FDRE                                         r  start_counter_reg[19]/C
                         clock pessimism             -0.245     1.791    
    SLICE_X1Y100         FDRE (Hold_fdre_C_D)         0.105     1.896    start_counter_reg[19]
  -------------------------------------------------------------------
                         required time                         -1.896    
                         arrival time                           2.050    
  -------------------------------------------------------------------
                         slack                                  0.154    

Slack (MET) :             0.157ns  (arrival time - required time)
  Source:                 start_counter_reg[15]/C
                            (rising edge-triggered cell FDRE clocked by sys_clk  {rise@0.000ns fall@5.000ns period=10.000ns})
  Destination:            start_counter_reg[20]/D
                            (rising edge-triggered cell FDRE clocked by sys_clk  {rise@0.000ns fall@5.000ns period=10.000ns})
  Path Group:             sys_clk
  Path Type:              Hold (Min at Fast Process Corner)
  Requirement:            0.000ns  (sys_clk rise@0.000ns - sys_clk rise@0.000ns)
  Data Path Delay:        0.529ns  (logic 0.394ns (74.545%)  route 0.135ns (25.455%))
  Logic Levels:           3  (CARRY4=3)
  Clock Path Skew:        0.267ns (DCD - SCD - CPR)
    Destination Clock Delay (DCD):    2.037ns
    Source Clock Delay      (SCD):    1.524ns
    Clock Pessimism Removal (CPR):    0.245ns

    Location             Delay type                Incr(ns)  Path(ns)    Netlist Resource(s)
  -------------------------------------------------------------------    -------------------
                         (clock sys_clk rise edge)    0.000     0.000 r  
    E3                                                0.000     0.000 r  clk (IN)
                         net (fo=0)                   0.000     0.000    clk
    E3                   IBUF (Prop_ibuf_I_O)         0.250     0.250 r  clk_IBUF_inst/O
                         net (fo=1, routed)           0.644     0.894    clk_IBUF
    BUFGCTRL_X0Y16       BUFG (Prop_bufg_I_O)         0.026     0.920 r  clk_IBUF_BUFG_inst/O
                         net (fo=699, routed)         0.605     1.524    clk_IBUF_BUFG
    SLICE_X1Y99          FDRE                                         r  start_counter_reg[15]/C
  -------------------------------------------------------------------    -------------------
    SLICE_X1Y99          FDRE (Prop_fdre_C_Q)         0.141     1.665 r  start_counter_reg[15]/Q
                         net (fo=3, routed)           0.134     1.799    start_counter_reg[15]
    SLICE_X1Y99          CARRY4 (Prop_carry4_S[3]_CO[3])
                                                      0.160     1.959 r  start_counter_reg[12]_i_1/CO[3]
                         net (fo=1, routed)           0.001     1.960    start_counter_reg[12]_i_1_n_0
    SLICE_X1Y100         CARRY4 (Prop_carry4_CI_CO[3])
                                                      0.039     1.999 r  start_counter_reg[16]_i_1/CO[3]
                         net (fo=1, routed)           0.000     1.999    start_counter_reg[16]_i_1_n_0
    SLICE_X1Y101         CARRY4 (Prop_carry4_CI_O[0])
                                                      0.054     2.053 r  start_counter_reg[20]_i_1/O[0]
                         net (fo=1, routed)           0.000     2.053    start_counter_reg[20]_i_1_n_7
    SLICE_X1Y101         FDRE                                         r  start_counter_reg[20]/D
  -------------------------------------------------------------------    -------------------

                         (clock sys_clk rise edge)    0.000     0.000 r  
    E3                                                0.000     0.000 r  clk (IN)
                         net (fo=0)                   0.000     0.000    clk
    E3                   IBUF (Prop_ibuf_I_O)         0.438     0.438 r  clk_IBUF_inst/O
                         net (fo=1, routed)           0.699     1.136    clk_IBUF
    BUFGCTRL_X0Y16       BUFG (Prop_bufg_I_O)         0.029     1.165 r  clk_IBUF_BUFG_inst/O
                         net (fo=699, routed)         0.872     2.037    clk_IBUF_BUFG
    SLICE_X1Y101         FDRE                                         r  start_counter_reg[20]/C
                         clock pessimism             -0.245     1.791    
    SLICE_X1Y101         FDRE (Hold_fdre_C_D)         0.105     1.896    start_counter_reg[20]
  -------------------------------------------------------------------
                         required time                         -1.896    
                         arrival time                           2.053    
  -------------------------------------------------------------------
                         slack                                  0.157    





Pulse Width Checks
--------------------------------------------------------------------------------------
Clock Name:         sys_clk
Waveform(ns):       { 0.000 5.000 }
Period(ns):         10.000
Sources:            { clk }

Check Type        Corner  Lib Pin  Reference Pin  Required(ns)  Actual(ns)  Slack(ns)  Location        Pin
Min Period        n/a     BUFG/I   n/a            2.155         10.000      7.845      BUFGCTRL_X0Y16  clk_IBUF_BUFG_inst/I
Min Period        n/a     FDRE/C   n/a            1.000         10.000      9.000      SLICE_X0Y100    accelerator_start_reg/C
Min Period        n/a     FDRE/C   n/a            1.000         10.000      9.000      SLICE_X1Y96     start_counter_reg[0]/C
Min Period        n/a     FDRE/C   n/a            1.000         10.000      9.000      SLICE_X1Y98     start_counter_reg[10]/C
Min Period        n/a     FDRE/C   n/a            1.000         10.000      9.000      SLICE_X1Y98     start_counter_reg[11]/C
Min Period        n/a     FDRE/C   n/a            1.000         10.000      9.000      SLICE_X1Y99     start_counter_reg[12]/C
Min Period        n/a     FDRE/C   n/a            1.000         10.000      9.000      SLICE_X1Y99     start_counter_reg[13]/C
Min Period        n/a     FDRE/C   n/a            1.000         10.000      9.000      SLICE_X1Y99     start_counter_reg[14]/C
Min Period        n/a     FDRE/C   n/a            1.000         10.000      9.000      SLICE_X1Y99     start_counter_reg[15]/C
Min Period        n/a     FDRE/C   n/a            1.000         10.000      9.000      SLICE_X1Y100    start_counter_reg[16]/C
Low Pulse Width   Slow    FDRE/C   n/a            0.500         5.000       4.500      SLICE_X0Y100    accelerator_start_reg/C
Low Pulse Width   Fast    FDRE/C   n/a            0.500         5.000       4.500      SLICE_X0Y100    accelerator_start_reg/C
Low Pulse Width   Slow    FDRE/C   n/a            0.500         5.000       4.500      SLICE_X1Y96     start_counter_reg[0]/C
Low Pulse Width   Fast    FDRE/C   n/a            0.500         5.000       4.500      SLICE_X1Y96     start_counter_reg[0]/C
Low Pulse Width   Slow    FDRE/C   n/a            0.500         5.000       4.500      SLICE_X1Y98     start_counter_reg[10]/C
Low Pulse Width   Fast    FDRE/C   n/a            0.500         5.000       4.500      SLICE_X1Y98     start_counter_reg[10]/C
Low Pulse Width   Slow    FDRE/C   n/a            0.500         5.000       4.500      SLICE_X1Y98     start_counter_reg[11]/C
Low Pulse Width   Fast    FDRE/C   n/a            0.500         5.000       4.500      SLICE_X1Y98     start_counter_reg[11]/C
Low Pulse Width   Slow    FDRE/C   n/a            0.500         5.000       4.500      SLICE_X1Y99     start_counter_reg[12]/C
Low Pulse Width   Fast    FDRE/C   n/a            0.500         5.000       4.500      SLICE_X1Y99     start_counter_reg[12]/C
High Pulse Width  Slow    FDRE/C   n/a            0.500         5.000       4.500      SLICE_X0Y100    accelerator_start_reg/C
High Pulse Width  Fast    FDRE/C   n/a            0.500         5.000       4.500      SLICE_X0Y100    accelerator_start_reg/C
High Pulse Width  Slow    FDRE/C   n/a            0.500         5.000       4.500      SLICE_X1Y96     start_counter_reg[0]/C
High Pulse Width  Fast    FDRE/C   n/a            0.500         5.000       4.500      SLICE_X1Y96     start_counter_reg[0]/C
High Pulse Width  Slow    FDRE/C   n/a            0.500         5.000       4.500      SLICE_X1Y98     start_counter_reg[10]/C
High Pulse Width  Fast    FDRE/C   n/a            0.500         5.000       4.500      SLICE_X1Y98     start_counter_reg[10]/C
High Pulse Width  Slow    FDRE/C   n/a            0.500         5.000       4.500      SLICE_X1Y98     start_counter_reg[11]/C
High Pulse Width  Fast    FDRE/C   n/a            0.500         5.000       4.500      SLICE_X1Y98     start_counter_reg[11]/C
High Pulse Width  Slow    FDRE/C   n/a            0.500         5.000       4.500      SLICE_X1Y99     start_counter_reg[12]/C
High Pulse Width  Fast    FDRE/C   n/a            0.500         5.000       4.500      SLICE_X1Y99     start_counter_reg[12]/C



--------------------------------------------------------------------------------------
Path Group:  (none)
From Clock:  sys_clk
  To Clock:  

Max Delay             3 Endpoints
Min Delay             3 Endpoints
--------------------------------------------------------------------------------------


Max Delay Paths
--------------------------------------------------------------------------------------
Slack:                    inf
  Source:                 adaptive_accelerator_inst/active_pe_count_reg_reg[3]/C
                            (rising edge-triggered cell FDRE clocked by sys_clk  {rise@0.000ns fall@5.000ns period=10.000ns})
  Destination:            LED[3]
                            (output port)
  Path Group:             (none)
  Path Type:              Max at Slow Process Corner
  Data Path Delay:        6.380ns  (logic 4.069ns (63.771%)  route 2.311ns (36.229%))
  Logic Levels:           1  (OBUF=1)
  Clock Uncertainty:      0.025ns  ((TSJ^2 + TIJ^2)^1/2 + DJ) / 2 + PE
    Total System Jitter     (TSJ):    0.050ns
    Total Input Jitter      (TIJ):    0.000ns
    Discrete Jitter          (DJ):    0.000ns
    Phase Error              (PE):    0.000ns

    Location             Delay type                Incr(ns)  Path(ns)    Netlist Resource(s)
  -------------------------------------------------------------------    -------------------
                         (clock sys_clk rise edge)    0.000     0.000 r  
    E3                                                0.000     0.000 r  clk (IN)
                         net (fo=0)                   0.000     0.000    clk
    E3                   IBUF (Prop_ibuf_I_O)         1.482     1.482 r  clk_IBUF_inst/O
                         net (fo=1, routed)           2.025     3.506    clk_IBUF
    BUFGCTRL_X0Y16       BUFG (Prop_bufg_I_O)         0.096     3.602 r  clk_IBUF_BUFG_inst/O
                         net (fo=699, routed)         1.709     5.311    adaptive_accelerator_inst/CLK
    SLICE_X6Y101         FDRE                                         r  adaptive_accelerator_inst/active_pe_count_reg_reg[3]/C
  -------------------------------------------------------------------    -------------------
    SLICE_X6Y101         FDRE (Prop_fdre_C_Q)         0.518     5.829 r  adaptive_accelerator_inst/active_pe_count_reg_reg[3]/Q
                         net (fo=4, routed)           2.311     8.141    LED_OBUF[3]
    N14                  OBUF (Prop_obuf_I_O)         3.551    11.691 r  LED_OBUF[3]_inst/O
                         net (fo=0)                   0.000    11.691    LED[3]
    N14                                                               r  LED[3] (OUT)
  -------------------------------------------------------------------    -------------------

Slack:                    inf
  Source:                 adaptive_accelerator_inst/active_pe_count_reg_reg[2]/C
                            (rising edge-triggered cell FDRE clocked by sys_clk  {rise@0.000ns fall@5.000ns period=10.000ns})
  Destination:            LED[2]
                            (output port)
  Path Group:             (none)
  Path Type:              Max at Slow Process Corner
  Data Path Delay:        6.327ns  (logic 4.009ns (63.353%)  route 2.319ns (36.647%))
  Logic Levels:           1  (OBUF=1)
  Clock Uncertainty:      0.025ns  ((TSJ^2 + TIJ^2)^1/2 + DJ) / 2 + PE
    Total System Jitter     (TSJ):    0.050ns
    Total Input Jitter      (TIJ):    0.000ns
    Discrete Jitter          (DJ):    0.000ns
    Phase Error              (PE):    0.000ns

    Location             Delay type                Incr(ns)  Path(ns)    Netlist Resource(s)
  -------------------------------------------------------------------    -------------------
                         (clock sys_clk rise edge)    0.000     0.000 r  
    E3                                                0.000     0.000 r  clk (IN)
                         net (fo=0)                   0.000     0.000    clk
    E3                   IBUF (Prop_ibuf_I_O)         1.482     1.482 r  clk_IBUF_inst/O
                         net (fo=1, routed)           2.025     3.506    clk_IBUF
    BUFGCTRL_X0Y16       BUFG (Prop_bufg_I_O)         0.096     3.602 r  clk_IBUF_BUFG_inst/O
                         net (fo=699, routed)         1.629     5.231    adaptive_accelerator_inst/CLK
    SLICE_X9Y107         FDRE                                         r  adaptive_accelerator_inst/active_pe_count_reg_reg[2]/C
  -------------------------------------------------------------------    -------------------
    SLICE_X9Y107         FDRE (Prop_fdre_C_Q)         0.456     5.687 r  adaptive_accelerator_inst/active_pe_count_reg_reg[2]/Q
                         net (fo=4, routed)           2.319     8.006    LED_OBUF[2]
    J13                  OBUF (Prop_obuf_I_O)         3.553    11.559 r  LED_OBUF[2]_inst/O
                         net (fo=0)                   0.000    11.559    LED[2]
    J13                                                               r  LED[2] (OUT)
  -------------------------------------------------------------------    -------------------

Slack:                    inf
  Source:                 adaptive_accelerator_inst/active_pe_count_reg_reg[1]/C
                            (rising edge-triggered cell FDRE clocked by sys_clk  {rise@0.000ns fall@5.000ns period=10.000ns})
  Destination:            LED[1]
                            (output port)
  Path Group:             (none)
  Path Type:              Max at Slow Process Corner
  Data Path Delay:        5.912ns  (logic 4.053ns (68.559%)  route 1.859ns (31.441%))
  Logic Levels:           1  (OBUF=1)
  Clock Uncertainty:      0.025ns  ((TSJ^2 + TIJ^2)^1/2 + DJ) / 2 + PE
    Total System Jitter     (TSJ):    0.050ns
    Total Input Jitter      (TIJ):    0.000ns
    Discrete Jitter          (DJ):    0.000ns
    Phase Error              (PE):    0.000ns

    Location             Delay type                Incr(ns)  Path(ns)    Netlist Resource(s)
  -------------------------------------------------------------------    -------------------
                         (clock sys_clk rise edge)    0.000     0.000 r  
    E3                                                0.000     0.000 r  clk (IN)
                         net (fo=0)                   0.000     0.000    clk
    E3                   IBUF (Prop_ibuf_I_O)         1.482     1.482 r  clk_IBUF_inst/O
                         net (fo=1, routed)           2.025     3.506    clk_IBUF
    BUFGCTRL_X0Y16       BUFG (Prop_bufg_I_O)         0.096     3.602 r  clk_IBUF_BUFG_inst/O
                         net (fo=699, routed)         1.709     5.311    adaptive_accelerator_inst/CLK
    SLICE_X6Y101         FDRE                                         r  adaptive_accelerator_inst/active_pe_count_reg_reg[1]/C
  -------------------------------------------------------------------    -------------------
    SLICE_X6Y101         FDRE (Prop_fdre_C_Q)         0.518     5.829 r  adaptive_accelerator_inst/active_pe_count_reg_reg[1]/Q
                         net (fo=4, routed)           1.859     7.688    LED_OBUF[1]
    K15                  OBUF (Prop_obuf_I_O)         3.535    11.223 r  LED_OBUF[1]_inst/O
                         net (fo=0)                   0.000    11.223    LED[1]
    K15                                                               r  LED[1] (OUT)
  -------------------------------------------------------------------    -------------------





Min Delay Paths
--------------------------------------------------------------------------------------
Slack:                    inf
  Source:                 adaptive_accelerator_inst/active_pe_count_reg_reg[1]/C
                            (rising edge-triggered cell FDRE clocked by sys_clk  {rise@0.000ns fall@5.000ns period=10.000ns})
  Destination:            LED[1]
                            (output port)
  Path Group:             (none)
  Path Type:              Min at Fast Process Corner
  Data Path Delay:        1.801ns  (logic 1.400ns (77.745%)  route 0.401ns (22.255%))
  Logic Levels:           1  (OBUF=1)
  Clock Uncertainty:      0.025ns  ((TSJ^2 + TIJ^2)^1/2 + DJ) / 2 + PE
    Total System Jitter     (TSJ):    0.050ns
    Total Input Jitter      (TIJ):    0.000ns
    Discrete Jitter          (DJ):    0.000ns
    Phase Error              (PE):    0.000ns

    Location             Delay type                Incr(ns)  Path(ns)    Netlist Resource(s)
  -------------------------------------------------------------------    -------------------
                         (clock sys_clk rise edge)    0.000     0.000 r  
    E3                                                0.000     0.000 r  clk (IN)
                         net (fo=0)                   0.000     0.000    clk
    E3                   IBUF (Prop_ibuf_I_O)         0.250     0.250 r  clk_IBUF_inst/O
                         net (fo=1, routed)           0.644     0.894    clk_IBUF
    BUFGCTRL_X0Y16       BUFG (Prop_bufg_I_O)         0.026     0.920 r  clk_IBUF_BUFG_inst/O
                         net (fo=699, routed)         0.598     1.517    adaptive_accelerator_inst/CLK
    SLICE_X6Y101         FDRE                                         r  adaptive_accelerator_inst/active_pe_count_reg_reg[1]/C
  -------------------------------------------------------------------    -------------------
    SLICE_X6Y101         FDRE (Prop_fdre_C_Q)         0.164     1.681 r  adaptive_accelerator_inst/active_pe_count_reg_reg[1]/Q
                         net (fo=4, routed)           0.401     2.082    LED_OBUF[1]
    K15                  OBUF (Prop_obuf_I_O)         1.236     3.318 r  LED_OBUF[1]_inst/O
                         net (fo=0)                   0.000     3.318    LED[1]
    K15                                                               r  LED[1] (OUT)
  -------------------------------------------------------------------    -------------------

Slack:                    inf
  Source:                 adaptive_accelerator_inst/active_pe_count_reg_reg[3]/C
                            (rising edge-triggered cell FDRE clocked by sys_clk  {rise@0.000ns fall@5.000ns period=10.000ns})
  Destination:            LED[3]
                            (output port)
  Path Group:             (none)
  Path Type:              Min at Fast Process Corner
  Data Path Delay:        2.019ns  (logic 1.415ns (70.109%)  route 0.603ns (29.891%))
  Logic Levels:           1  (OBUF=1)
  Clock Uncertainty:      0.025ns  ((TSJ^2 + TIJ^2)^1/2 + DJ) / 2 + PE
    Total System Jitter     (TSJ):    0.050ns
    Total Input Jitter      (TIJ):    0.000ns
    Discrete Jitter          (DJ):    0.000ns
    Phase Error              (PE):    0.000ns

    Location             Delay type                Incr(ns)  Path(ns)    Netlist Resource(s)
  -------------------------------------------------------------------    -------------------
                         (clock sys_clk rise edge)    0.000     0.000 r  
    E3                                                0.000     0.000 r  clk (IN)
                         net (fo=0)                   0.000     0.000    clk
    E3                   IBUF (Prop_ibuf_I_O)         0.250     0.250 r  clk_IBUF_inst/O
                         net (fo=1, routed)           0.644     0.894    clk_IBUF
    BUFGCTRL_X0Y16       BUFG (Prop_bufg_I_O)         0.026     0.920 r  clk_IBUF_BUFG_inst/O
                         net (fo=699, routed)         0.598     1.517    adaptive_accelerator_inst/CLK
    SLICE_X6Y101         FDRE                                         r  adaptive_accelerator_inst/active_pe_count_reg_reg[3]/C
  -------------------------------------------------------------------    -------------------
    SLICE_X6Y101         FDRE (Prop_fdre_C_Q)         0.164     1.681 r  adaptive_accelerator_inst/active_pe_count_reg_reg[3]/Q
                         net (fo=4, routed)           0.603     2.285    LED_OBUF[3]
    N14                  OBUF (Prop_obuf_I_O)         1.251     3.536 r  LED_OBUF[3]_inst/O
                         net (fo=0)                   0.000     3.536    LED[3]
    N14                                                               r  LED[3] (OUT)
  -------------------------------------------------------------------    -------------------

Slack:                    inf
  Source:                 adaptive_accelerator_inst/active_pe_count_reg_reg[2]/C
                            (rising edge-triggered cell FDRE clocked by sys_clk  {rise@0.000ns fall@5.000ns period=10.000ns})
  Destination:            LED[2]
                            (output port)
  Path Group:             (none)
  Path Type:              Min at Fast Process Corner
  Data Path Delay:        2.052ns  (logic 1.394ns (67.943%)  route 0.658ns (32.057%))
  Logic Levels:           1  (OBUF=1)
  Clock Uncertainty:      0.025ns  ((TSJ^2 + TIJ^2)^1/2 + DJ) / 2 + PE
    Total System Jitter     (TSJ):    0.050ns
    Total Input Jitter      (TIJ):    0.000ns
    Discrete Jitter          (DJ):    0.000ns
    Phase Error              (PE):    0.000ns

    Location             Delay type                Incr(ns)  Path(ns)    Netlist Resource(s)
  -------------------------------------------------------------------    -------------------
                         (clock sys_clk rise edge)    0.000     0.000 r  
    E3                                                0.000     0.000 r  clk (IN)
                         net (fo=0)                   0.000     0.000    clk
    E3                   IBUF (Prop_ibuf_I_O)         0.250     0.250 r  clk_IBUF_inst/O
                         net (fo=1, routed)           0.644     0.894    clk_IBUF
    BUFGCTRL_X0Y16       BUFG (Prop_bufg_I_O)         0.026     0.920 r  clk_IBUF_BUFG_inst/O
                         net (fo=699, routed)         0.568     1.487    adaptive_accelerator_inst/CLK
    SLICE_X9Y107         FDRE                                         r  adaptive_accelerator_inst/active_pe_count_reg_reg[2]/C
  -------------------------------------------------------------------    -------------------
    SLICE_X9Y107         FDRE (Prop_fdre_C_Q)         0.141     1.628 r  adaptive_accelerator_inst/active_pe_count_reg_reg[2]/Q
                         net (fo=4, routed)           0.658     2.286    LED_OBUF[2]
    J13                  OBUF (Prop_obuf_I_O)         1.253     3.540 r  LED_OBUF[2]_inst/O
                         net (fo=0)                   0.000     3.540    LED[2]
    J13                                                               r  LED[2] (OUT)
  -------------------------------------------------------------------    -------------------





--------------------------------------------------------------------------------------
Path Group:  (none)
From Clock:  
  To Clock:  sys_clk

Max Delay           699 Endpoints
Min Delay           699 Endpoints
--------------------------------------------------------------------------------------


Max Delay Paths
--------------------------------------------------------------------------------------
Slack:                    inf
  Source:                 rst_n
                            (input port)
  Destination:            adaptive_accelerator_inst/rl_controller_inst/q_table_reg[0][0][10]/R
                            (rising edge-triggered cell FDRE clocked by sys_clk  {rise@0.000ns fall@5.000ns period=10.000ns})
  Path Group:             (none)
  Path Type:              Setup (Max at Slow Process Corner)
  Data Path Delay:        8.190ns  (logic 1.625ns (19.842%)  route 6.565ns (80.158%))
  Logic Levels:           2  (IBUF=1 LUT1=1)
  Clock Path Skew:        5.010ns (DCD - SCD + CPR)
    Destination Clock Delay (DCD):    5.010ns
    Source Clock Delay      (SCD):    0.000ns
    Clock Pessimism Removal (CPR):    0.000ns
  Clock Uncertainty:      0.025ns  ((TSJ^2 + TIJ^2)^1/2 + DJ) / 2 + PE
    Total System Jitter     (TSJ):    0.050ns
    Total Input Jitter      (TIJ):    0.000ns
    Discrete Jitter          (DJ):    0.000ns
    Phase Error              (PE):    0.000ns

    Location             Delay type                Incr(ns)  Path(ns)    Netlist Resource(s)
  -------------------------------------------------------------------    -------------------
    C12                                               0.000     0.000 f  rst_n (IN)
                         net (fo=0)                   0.000     0.000    rst_n
    C12                  IBUF (Prop_ibuf_I_O)         1.507     1.507 f  rst_n_IBUF_inst/O
                         net (fo=27, routed)          2.287     3.794    riscv_core_inst/data_memory/rst_n_IBUF
    SLICE_X7Y107         LUT1 (Prop_lut1_I0_O)        0.118     3.912 r  riscv_core_inst/data_memory/pc[2]_i_1/O
                         net (fo=491, routed)         4.278     8.190    adaptive_accelerator_inst/rl_controller_inst/SR[0]
    SLICE_X4Y100         FDRE                                         r  adaptive_accelerator_inst/rl_controller_inst/q_table_reg[0][0][10]/R
  -------------------------------------------------------------------    -------------------

                         (clock sys_clk rise edge)    0.000     0.000 r  
    E3                                                0.000     0.000 r  clk (IN)
                         net (fo=0)                   0.000     0.000    clk
    E3                   IBUF (Prop_ibuf_I_O)         1.411     1.411 r  clk_IBUF_inst/O
                         net (fo=1, routed)           1.920     3.331    clk_IBUF
    BUFGCTRL_X0Y16       BUFG (Prop_bufg_I_O)         0.091     3.422 r  clk_IBUF_BUFG_inst/O
                         net (fo=699, routed)         1.588     5.010    adaptive_accelerator_inst/rl_controller_inst/CLK
    SLICE_X4Y100         FDRE                                         r  adaptive_accelerator_inst/rl_controller_inst/q_table_reg[0][0][10]/C

Slack:                    inf
  Source:                 rst_n
                            (input port)
  Destination:            adaptive_accelerator_inst/rl_controller_inst/q_table_reg[0][0][11]/R
                            (rising edge-triggered cell FDRE clocked by sys_clk  {rise@0.000ns fall@5.000ns period=10.000ns})
  Path Group:             (none)
  Path Type:              Setup (Max at Slow Process Corner)
  Data Path Delay:        8.190ns  (logic 1.625ns (19.842%)  route 6.565ns (80.158%))
  Logic Levels:           2  (IBUF=1 LUT1=1)
  Clock Path Skew:        5.010ns (DCD - SCD + CPR)
    Destination Clock Delay (DCD):    5.010ns
    Source Clock Delay      (SCD):    0.000ns
    Clock Pessimism Removal (CPR):    0.000ns
  Clock Uncertainty:      0.025ns  ((TSJ^2 + TIJ^2)^1/2 + DJ) / 2 + PE
    Total System Jitter     (TSJ):    0.050ns
    Total Input Jitter      (TIJ):    0.000ns
    Discrete Jitter          (DJ):    0.000ns
    Phase Error              (PE):    0.000ns

    Location             Delay type                Incr(ns)  Path(ns)    Netlist Resource(s)
  -------------------------------------------------------------------    -------------------
    C12                                               0.000     0.000 f  rst_n (IN)
                         net (fo=0)                   0.000     0.000    rst_n
    C12                  IBUF (Prop_ibuf_I_O)         1.507     1.507 f  rst_n_IBUF_inst/O
                         net (fo=27, routed)          2.287     3.794    riscv_core_inst/data_memory/rst_n_IBUF
    SLICE_X7Y107         LUT1 (Prop_lut1_I0_O)        0.118     3.912 r  riscv_core_inst/data_memory/pc[2]_i_1/O
                         net (fo=491, routed)         4.278     8.190    adaptive_accelerator_inst/rl_controller_inst/SR[0]
    SLICE_X4Y100         FDRE                                         r  adaptive_accelerator_inst/rl_controller_inst/q_table_reg[0][0][11]/R
  -------------------------------------------------------------------    -------------------

                         (clock sys_clk rise edge)    0.000     0.000 r  
    E3                                                0.000     0.000 r  clk (IN)
                         net (fo=0)                   0.000     0.000    clk
    E3                   IBUF (Prop_ibuf_I_O)         1.411     1.411 r  clk_IBUF_inst/O
                         net (fo=1, routed)           1.920     3.331    clk_IBUF
    BUFGCTRL_X0Y16       BUFG (Prop_bufg_I_O)         0.091     3.422 r  clk_IBUF_BUFG_inst/O
                         net (fo=699, routed)         1.588     5.010    adaptive_accelerator_inst/rl_controller_inst/CLK
    SLICE_X4Y100         FDRE                                         r  adaptive_accelerator_inst/rl_controller_inst/q_table_reg[0][0][11]/C

Slack:                    inf
  Source:                 rst_n
                            (input port)
  Destination:            adaptive_accelerator_inst/rl_controller_inst/q_table_reg[0][0][8]/S
                            (rising edge-triggered cell FDSE clocked by sys_clk  {rise@0.000ns fall@5.000ns period=10.000ns})
  Path Group:             (none)
  Path Type:              Setup (Max at Slow Process Corner)
  Data Path Delay:        8.190ns  (logic 1.625ns (19.842%)  route 6.565ns (80.158%))
  Logic Levels:           2  (IBUF=1 LUT1=1)
  Clock Path Skew:        5.010ns (DCD - SCD + CPR)
    Destination Clock Delay (DCD):    5.010ns
    Source Clock Delay      (SCD):    0.000ns
    Clock Pessimism Removal (CPR):    0.000ns
  Clock Uncertainty:      0.025ns  ((TSJ^2 + TIJ^2)^1/2 + DJ) / 2 + PE
    Total System Jitter     (TSJ):    0.050ns
    Total Input Jitter      (TIJ):    0.000ns
    Discrete Jitter          (DJ):    0.000ns
    Phase Error              (PE):    0.000ns

    Location             Delay type                Incr(ns)  Path(ns)    Netlist Resource(s)
  -------------------------------------------------------------------    -------------------
    C12                                               0.000     0.000 f  rst_n (IN)
                         net (fo=0)                   0.000     0.000    rst_n
    C12                  IBUF (Prop_ibuf_I_O)         1.507     1.507 f  rst_n_IBUF_inst/O
                         net (fo=27, routed)          2.287     3.794    riscv_core_inst/data_memory/rst_n_IBUF
    SLICE_X7Y107         LUT1 (Prop_lut1_I0_O)        0.118     3.912 r  riscv_core_inst/data_memory/pc[2]_i_1/O
                         net (fo=491, routed)         4.278     8.190    adaptive_accelerator_inst/rl_controller_inst/SR[0]
    SLICE_X4Y100         FDSE                                         r  adaptive_accelerator_inst/rl_controller_inst/q_table_reg[0][0][8]/S
  -------------------------------------------------------------------    -------------------

                         (clock sys_clk rise edge)    0.000     0.000 r  
    E3                                                0.000     0.000 r  clk (IN)
                         net (fo=0)                   0.000     0.000    clk
    E3                   IBUF (Prop_ibuf_I_O)         1.411     1.411 r  clk_IBUF_inst/O
                         net (fo=1, routed)           1.920     3.331    clk_IBUF
    BUFGCTRL_X0Y16       BUFG (Prop_bufg_I_O)         0.091     3.422 r  clk_IBUF_BUFG_inst/O
                         net (fo=699, routed)         1.588     5.010    adaptive_accelerator_inst/rl_controller_inst/CLK
    SLICE_X4Y100         FDSE                                         r  adaptive_accelerator_inst/rl_controller_inst/q_table_reg[0][0][8]/C

Slack:                    inf
  Source:                 rst_n
                            (input port)
  Destination:            adaptive_accelerator_inst/rl_controller_inst/q_table_reg[0][0][9]/S
                            (rising edge-triggered cell FDSE clocked by sys_clk  {rise@0.000ns fall@5.000ns period=10.000ns})
  Path Group:             (none)
  Path Type:              Setup (Max at Slow Process Corner)
  Data Path Delay:        8.190ns  (logic 1.625ns (19.842%)  route 6.565ns (80.158%))
  Logic Levels:           2  (IBUF=1 LUT1=1)
  Clock Path Skew:        5.010ns (DCD - SCD + CPR)
    Destination Clock Delay (DCD):    5.010ns
    Source Clock Delay      (SCD):    0.000ns
    Clock Pessimism Removal (CPR):    0.000ns
  Clock Uncertainty:      0.025ns  ((TSJ^2 + TIJ^2)^1/2 + DJ) / 2 + PE
    Total System Jitter     (TSJ):    0.050ns
    Total Input Jitter      (TIJ):    0.000ns
    Discrete Jitter          (DJ):    0.000ns
    Phase Error              (PE):    0.000ns

    Location             Delay type                Incr(ns)  Path(ns)    Netlist Resource(s)
  -------------------------------------------------------------------    -------------------
    C12                                               0.000     0.000 f  rst_n (IN)
                         net (fo=0)                   0.000     0.000    rst_n
    C12                  IBUF (Prop_ibuf_I_O)         1.507     1.507 f  rst_n_IBUF_inst/O
                         net (fo=27, routed)          2.287     3.794    riscv_core_inst/data_memory/rst_n_IBUF
    SLICE_X7Y107         LUT1 (Prop_lut1_I0_O)        0.118     3.912 r  riscv_core_inst/data_memory/pc[2]_i_1/O
                         net (fo=491, routed)         4.278     8.190    adaptive_accelerator_inst/rl_controller_inst/SR[0]
    SLICE_X4Y100         FDSE                                         r  adaptive_accelerator_inst/rl_controller_inst/q_table_reg[0][0][9]/S
  -------------------------------------------------------------------    -------------------

                         (clock sys_clk rise edge)    0.000     0.000 r  
    E3                                                0.000     0.000 r  clk (IN)
                         net (fo=0)                   0.000     0.000    clk
    E3                   IBUF (Prop_ibuf_I_O)         1.411     1.411 r  clk_IBUF_inst/O
                         net (fo=1, routed)           1.920     3.331    clk_IBUF
    BUFGCTRL_X0Y16       BUFG (Prop_bufg_I_O)         0.091     3.422 r  clk_IBUF_BUFG_inst/O
                         net (fo=699, routed)         1.588     5.010    adaptive_accelerator_inst/rl_controller_inst/CLK
    SLICE_X4Y100         FDSE                                         r  adaptive_accelerator_inst/rl_controller_inst/q_table_reg[0][0][9]/C

Slack:                    inf
  Source:                 rst_n
                            (input port)
  Destination:            adaptive_accelerator_inst/rl_controller_inst/q_table_reg[4][0][10]/S
                            (rising edge-triggered cell FDSE clocked by sys_clk  {rise@0.000ns fall@5.000ns period=10.000ns})
  Path Group:             (none)
  Path Type:              Setup (Max at Slow Process Corner)
  Data Path Delay:        8.039ns  (logic 1.625ns (20.214%)  route 6.414ns (79.786%))
  Logic Levels:           2  (IBUF=1 LUT1=1)
  Clock Path Skew:        5.029ns (DCD - SCD + CPR)
    Destination Clock Delay (DCD):    5.029ns
    Source Clock Delay      (SCD):    0.000ns
    Clock Pessimism Removal (CPR):    0.000ns
  Clock Uncertainty:      0.025ns  ((TSJ^2 + TIJ^2)^1/2 + DJ) / 2 + PE
    Total System Jitter     (TSJ):    0.050ns
    Total Input Jitter      (TIJ):    0.000ns
    Discrete Jitter          (DJ):    0.000ns
    Phase Error              (PE):    0.000ns

    Location             Delay type                Incr(ns)  Path(ns)    Netlist Resource(s)
  -------------------------------------------------------------------    -------------------
    C12                                               0.000     0.000 f  rst_n (IN)
                         net (fo=0)                   0.000     0.000    rst_n
    C12                  IBUF (Prop_ibuf_I_O)         1.507     1.507 f  rst_n_IBUF_inst/O
                         net (fo=27, routed)          2.287     3.794    riscv_core_inst/data_memory/rst_n_IBUF
    SLICE_X7Y107         LUT1 (Prop_lut1_I0_O)        0.118     3.912 r  riscv_core_inst/data_memory/pc[2]_i_1/O
                         net (fo=491, routed)         4.127     8.039    adaptive_accelerator_inst/rl_controller_inst/SR[0]
    SLICE_X2Y99          FDSE                                         r  adaptive_accelerator_inst/rl_controller_inst/q_table_reg[4][0][10]/S
  -------------------------------------------------------------------    -------------------

                         (clock sys_clk rise edge)    0.000     0.000 r  
    E3                                                0.000     0.000 r  clk (IN)
                         net (fo=0)                   0.000     0.000    clk
    E3                   IBUF (Prop_ibuf_I_O)         1.411     1.411 r  clk_IBUF_inst/O
                         net (fo=1, routed)           1.920     3.331    clk_IBUF
    BUFGCTRL_X0Y16       BUFG (Prop_bufg_I_O)         0.091     3.422 r  clk_IBUF_BUFG_inst/O
                         net (fo=699, routed)         1.606     5.029    adaptive_accelerator_inst/rl_controller_inst/CLK
    SLICE_X2Y99          FDSE                                         r  adaptive_accelerator_inst/rl_controller_inst/q_table_reg[4][0][10]/C

Slack:                    inf
  Source:                 rst_n
                            (input port)
  Destination:            adaptive_accelerator_inst/rl_controller_inst/q_table_reg[4][0][11]/R
                            (rising edge-triggered cell FDRE clocked by sys_clk  {rise@0.000ns fall@5.000ns period=10.000ns})
  Path Group:             (none)
  Path Type:              Setup (Max at Slow Process Corner)
  Data Path Delay:        8.039ns  (logic 1.625ns (20.214%)  route 6.414ns (79.786%))
  Logic Levels:           2  (IBUF=1 LUT1=1)
  Clock Path Skew:        5.029ns (DCD - SCD + CPR)
    Destination Clock Delay (DCD):    5.029ns
    Source Clock Delay      (SCD):    0.000ns
    Clock Pessimism Removal (CPR):    0.000ns
  Clock Uncertainty:      0.025ns  ((TSJ^2 + TIJ^2)^1/2 + DJ) / 2 + PE
    Total System Jitter     (TSJ):    0.050ns
    Total Input Jitter      (TIJ):    0.000ns
    Discrete Jitter          (DJ):    0.000ns
    Phase Error              (PE):    0.000ns

    Location             Delay type                Incr(ns)  Path(ns)    Netlist Resource(s)
  -------------------------------------------------------------------    -------------------
    C12                                               0.000     0.000 f  rst_n (IN)
                         net (fo=0)                   0.000     0.000    rst_n
    C12                  IBUF (Prop_ibuf_I_O)         1.507     1.507 f  rst_n_IBUF_inst/O
                         net (fo=27, routed)          2.287     3.794    riscv_core_inst/data_memory/rst_n_IBUF
    SLICE_X7Y107         LUT1 (Prop_lut1_I0_O)        0.118     3.912 r  riscv_core_inst/data_memory/pc[2]_i_1/O
                         net (fo=491, routed)         4.127     8.039    adaptive_accelerator_inst/rl_controller_inst/SR[0]
    SLICE_X2Y99          FDRE                                         r  adaptive_accelerator_inst/rl_controller_inst/q_table_reg[4][0][11]/R
  -------------------------------------------------------------------    -------------------

                         (clock sys_clk rise edge)    0.000     0.000 r  
    E3                                                0.000     0.000 r  clk (IN)
                         net (fo=0)                   0.000     0.000    clk
    E3                   IBUF (Prop_ibuf_I_O)         1.411     1.411 r  clk_IBUF_inst/O
                         net (fo=1, routed)           1.920     3.331    clk_IBUF
    BUFGCTRL_X0Y16       BUFG (Prop_bufg_I_O)         0.091     3.422 r  clk_IBUF_BUFG_inst/O
                         net (fo=699, routed)         1.606     5.029    adaptive_accelerator_inst/rl_controller_inst/CLK
    SLICE_X2Y99          FDRE                                         r  adaptive_accelerator_inst/rl_controller_inst/q_table_reg[4][0][11]/C

Slack:                    inf
  Source:                 rst_n
                            (input port)
  Destination:            adaptive_accelerator_inst/rl_controller_inst/q_table_reg[4][0][6]/S
                            (rising edge-triggered cell FDSE clocked by sys_clk  {rise@0.000ns fall@5.000ns period=10.000ns})
  Path Group:             (none)
  Path Type:              Setup (Max at Slow Process Corner)
  Data Path Delay:        8.039ns  (logic 1.625ns (20.214%)  route 6.414ns (79.786%))
  Logic Levels:           2  (IBUF=1 LUT1=1)
  Clock Path Skew:        5.029ns (DCD - SCD + CPR)
    Destination Clock Delay (DCD):    5.029ns
    Source Clock Delay      (SCD):    0.000ns
    Clock Pessimism Removal (CPR):    0.000ns
  Clock Uncertainty:      0.025ns  ((TSJ^2 + TIJ^2)^1/2 + DJ) / 2 + PE
    Total System Jitter     (TSJ):    0.050ns
    Total Input Jitter      (TIJ):    0.000ns
    Discrete Jitter          (DJ):    0.000ns
    Phase Error              (PE):    0.000ns

    Location             Delay type                Incr(ns)  Path(ns)    Netlist Resource(s)
  -------------------------------------------------------------------    -------------------
    C12                                               0.000     0.000 f  rst_n (IN)
                         net (fo=0)                   0.000     0.000    rst_n
    C12                  IBUF (Prop_ibuf_I_O)         1.507     1.507 f  rst_n_IBUF_inst/O
                         net (fo=27, routed)          2.287     3.794    riscv_core_inst/data_memory/rst_n_IBUF
    SLICE_X7Y107         LUT1 (Prop_lut1_I0_O)        0.118     3.912 r  riscv_core_inst/data_memory/pc[2]_i_1/O
                         net (fo=491, routed)         4.127     8.039    adaptive_accelerator_inst/rl_controller_inst/SR[0]
    SLICE_X2Y99          FDSE                                         r  adaptive_accelerator_inst/rl_controller_inst/q_table_reg[4][0][6]/S
  -------------------------------------------------------------------    -------------------

                         (clock sys_clk rise edge)    0.000     0.000 r  
    E3                                                0.000     0.000 r  clk (IN)
                         net (fo=0)                   0.000     0.000    clk
    E3                   IBUF (Prop_ibuf_I_O)         1.411     1.411 r  clk_IBUF_inst/O
                         net (fo=1, routed)           1.920     3.331    clk_IBUF
    BUFGCTRL_X0Y16       BUFG (Prop_bufg_I_O)         0.091     3.422 r  clk_IBUF_BUFG_inst/O
                         net (fo=699, routed)         1.606     5.029    adaptive_accelerator_inst/rl_controller_inst/CLK
    SLICE_X2Y99          FDSE                                         r  adaptive_accelerator_inst/rl_controller_inst/q_table_reg[4][0][6]/C

Slack:                    inf
  Source:                 rst_n
                            (input port)
  Destination:            adaptive_accelerator_inst/rl_controller_inst/q_table_reg[4][0][9]/R
                            (rising edge-triggered cell FDRE clocked by sys_clk  {rise@0.000ns fall@5.000ns period=10.000ns})
  Path Group:             (none)
  Path Type:              Setup (Max at Slow Process Corner)
  Data Path Delay:        8.039ns  (logic 1.625ns (20.214%)  route 6.414ns (79.786%))
  Logic Levels:           2  (IBUF=1 LUT1=1)
  Clock Path Skew:        5.029ns (DCD - SCD + CPR)
    Destination Clock Delay (DCD):    5.029ns
    Source Clock Delay      (SCD):    0.000ns
    Clock Pessimism Removal (CPR):    0.000ns
  Clock Uncertainty:      0.025ns  ((TSJ^2 + TIJ^2)^1/2 + DJ) / 2 + PE
    Total System Jitter     (TSJ):    0.050ns
    Total Input Jitter      (TIJ):    0.000ns
    Discrete Jitter          (DJ):    0.000ns
    Phase Error              (PE):    0.000ns

    Location             Delay type                Incr(ns)  Path(ns)    Netlist Resource(s)
  -------------------------------------------------------------------    -------------------
    C12                                               0.000     0.000 f  rst_n (IN)
                         net (fo=0)                   0.000     0.000    rst_n
    C12                  IBUF (Prop_ibuf_I_O)         1.507     1.507 f  rst_n_IBUF_inst/O
                         net (fo=27, routed)          2.287     3.794    riscv_core_inst/data_memory/rst_n_IBUF
    SLICE_X7Y107         LUT1 (Prop_lut1_I0_O)        0.118     3.912 r  riscv_core_inst/data_memory/pc[2]_i_1/O
                         net (fo=491, routed)         4.127     8.039    adaptive_accelerator_inst/rl_controller_inst/SR[0]
    SLICE_X2Y99          FDRE                                         r  adaptive_accelerator_inst/rl_controller_inst/q_table_reg[4][0][9]/R
  -------------------------------------------------------------------    -------------------

                         (clock sys_clk rise edge)    0.000     0.000 r  
    E3                                                0.000     0.000 r  clk (IN)
                         net (fo=0)                   0.000     0.000    clk
    E3                   IBUF (Prop_ibuf_I_O)         1.411     1.411 r  clk_IBUF_inst/O
                         net (fo=1, routed)           1.920     3.331    clk_IBUF
    BUFGCTRL_X0Y16       BUFG (Prop_bufg_I_O)         0.091     3.422 r  clk_IBUF_BUFG_inst/O
                         net (fo=699, routed)         1.606     5.029    adaptive_accelerator_inst/rl_controller_inst/CLK
    SLICE_X2Y99          FDRE                                         r  adaptive_accelerator_inst/rl_controller_inst/q_table_reg[4][0][9]/C

Slack:                    inf
  Source:                 rst_n
                            (input port)
  Destination:            adaptive_accelerator_inst/rl_controller_inst/q_table_reg[8][0][10]/S
                            (rising edge-triggered cell FDSE clocked by sys_clk  {rise@0.000ns fall@5.000ns period=10.000ns})
  Path Group:             (none)
  Path Type:              Setup (Max at Slow Process Corner)
  Data Path Delay:        8.039ns  (logic 1.625ns (20.214%)  route 6.414ns (79.786%))
  Logic Levels:           2  (IBUF=1 LUT1=1)
  Clock Path Skew:        5.029ns (DCD - SCD + CPR)
    Destination Clock Delay (DCD):    5.029ns
    Source Clock Delay      (SCD):    0.000ns
    Clock Pessimism Removal (CPR):    0.000ns
  Clock Uncertainty:      0.025ns  ((TSJ^2 + TIJ^2)^1/2 + DJ) / 2 + PE
    Total System Jitter     (TSJ):    0.050ns
    Total Input Jitter      (TIJ):    0.000ns
    Discrete Jitter          (DJ):    0.000ns
    Phase Error              (PE):    0.000ns

    Location             Delay type                Incr(ns)  Path(ns)    Netlist Resource(s)
  -------------------------------------------------------------------    -------------------
    C12                                               0.000     0.000 f  rst_n (IN)
                         net (fo=0)                   0.000     0.000    rst_n
    C12                  IBUF (Prop_ibuf_I_O)         1.507     1.507 f  rst_n_IBUF_inst/O
                         net (fo=27, routed)          2.287     3.794    riscv_core_inst/data_memory/rst_n_IBUF
    SLICE_X7Y107         LUT1 (Prop_lut1_I0_O)        0.118     3.912 r  riscv_core_inst/data_memory/pc[2]_i_1/O
                         net (fo=491, routed)         4.127     8.039    adaptive_accelerator_inst/rl_controller_inst/SR[0]
    SLICE_X3Y99          FDSE                                         r  adaptive_accelerator_inst/rl_controller_inst/q_table_reg[8][0][10]/S
  -------------------------------------------------------------------    -------------------

                         (clock sys_clk rise edge)    0.000     0.000 r  
    E3                                                0.000     0.000 r  clk (IN)
                         net (fo=0)                   0.000     0.000    clk
    E3                   IBUF (Prop_ibuf_I_O)         1.411     1.411 r  clk_IBUF_inst/O
                         net (fo=1, routed)           1.920     3.331    clk_IBUF
    BUFGCTRL_X0Y16       BUFG (Prop_bufg_I_O)         0.091     3.422 r  clk_IBUF_BUFG_inst/O
                         net (fo=699, routed)         1.606     5.029    adaptive_accelerator_inst/rl_controller_inst/CLK
    SLICE_X3Y99          FDSE                                         r  adaptive_accelerator_inst/rl_controller_inst/q_table_reg[8][0][10]/C

Slack:                    inf
  Source:                 rst_n
                            (input port)
  Destination:            adaptive_accelerator_inst/rl_controller_inst/q_table_reg[8][0][11]/R
                            (rising edge-triggered cell FDRE clocked by sys_clk  {rise@0.000ns fall@5.000ns period=10.000ns})
  Path Group:             (none)
  Path Type:              Setup (Max at Slow Process Corner)
  Data Path Delay:        8.039ns  (logic 1.625ns (20.214%)  route 6.414ns (79.786%))
  Logic Levels:           2  (IBUF=1 LUT1=1)
  Clock Path Skew:        5.029ns (DCD - SCD + CPR)
    Destination Clock Delay (DCD):    5.029ns
    Source Clock Delay      (SCD):    0.000ns
    Clock Pessimism Removal (CPR):    0.000ns
  Clock Uncertainty:      0.025ns  ((TSJ^2 + TIJ^2)^1/2 + DJ) / 2 + PE
    Total System Jitter     (TSJ):    0.050ns
    Total Input Jitter      (TIJ):    0.000ns
    Discrete Jitter          (DJ):    0.000ns
    Phase Error              (PE):    0.000ns

    Location             Delay type                Incr(ns)  Path(ns)    Netlist Resource(s)
  -------------------------------------------------------------------    -------------------
    C12                                               0.000     0.000 f  rst_n (IN)
                         net (fo=0)                   0.000     0.000    rst_n
    C12                  IBUF (Prop_ibuf_I_O)         1.507     1.507 f  rst_n_IBUF_inst/O
                         net (fo=27, routed)          2.287     3.794    riscv_core_inst/data_memory/rst_n_IBUF
    SLICE_X7Y107         LUT1 (Prop_lut1_I0_O)        0.118     3.912 r  riscv_core_inst/data_memory/pc[2]_i_1/O
                         net (fo=491, routed)         4.127     8.039    adaptive_accelerator_inst/rl_controller_inst/SR[0]
    SLICE_X3Y99          FDRE                                         r  adaptive_accelerator_inst/rl_controller_inst/q_table_reg[8][0][11]/R
  -------------------------------------------------------------------    -------------------

                         (clock sys_clk rise edge)    0.000     0.000 r  
    E3                                                0.000     0.000 r  clk (IN)
                         net (fo=0)                   0.000     0.000    clk
    E3                   IBUF (Prop_ibuf_I_O)         1.411     1.411 r  clk_IBUF_inst/O
                         net (fo=1, routed)           1.920     3.331    clk_IBUF
    BUFGCTRL_X0Y16       BUFG (Prop_bufg_I_O)         0.091     3.422 r  clk_IBUF_BUFG_inst/O
                         net (fo=699, routed)         1.606     5.029    adaptive_accelerator_inst/rl_controller_inst/CLK
    SLICE_X3Y99          FDRE                                         r  adaptive_accelerator_inst/rl_controller_inst/q_table_reg[8][0][11]/C





Min Delay Paths
--------------------------------------------------------------------------------------
Slack:                    inf
  Source:                 rst_n
                            (input port)
  Destination:            adaptive_accelerator_inst/performance_monitor_inst/output_pending_reg/D
                            (rising edge-triggered cell FDRE clocked by sys_clk  {rise@0.000ns fall@5.000ns period=10.000ns})
  Path Group:             (none)
  Path Type:              Hold (Min at Fast Process Corner)
  Data Path Delay:        1.314ns  (logic 0.320ns (24.317%)  route 0.995ns (75.683%))
  Logic Levels:           2  (IBUF=1 LUT3=1)
  Clock Path Skew:        2.032ns (DCD - SCD - CPR)
    Destination Clock Delay (DCD):    2.032ns
    Source Clock Delay      (SCD):    0.000ns
    Clock Pessimism Removal (CPR):    -0.000ns

    Location             Delay type                Incr(ns)  Path(ns)    Netlist Resource(s)
  -------------------------------------------------------------------    -------------------
    C12                                               0.000     0.000 r  rst_n (IN)
                         net (fo=0)                   0.000     0.000    rst_n
    C12                  IBUF (Prop_ibuf_I_O)         0.275     0.275 r  rst_n_IBUF_inst/O
                         net (fo=27, routed)          0.995     1.269    adaptive_accelerator_inst/performance_monitor_inst/rst_n_IBUF
    SLICE_X6Y108         LUT3 (Prop_lut3_I2_O)        0.045     1.314 r  adaptive_accelerator_inst/performance_monitor_inst/output_pending_i_1/O
                         net (fo=1, routed)           0.000     1.314    adaptive_accelerator_inst/performance_monitor_inst/output_pending_i_1_n_0
    SLICE_X6Y108         FDRE                                         r  adaptive_accelerator_inst/performance_monitor_inst/output_pending_reg/D
  -------------------------------------------------------------------    -------------------

                         (clock sys_clk rise edge)    0.000     0.000 r  
    E3                                                0.000     0.000 r  clk (IN)
                         net (fo=0)                   0.000     0.000    clk
    E3                   IBUF (Prop_ibuf_I_O)         0.438     0.438 r  clk_IBUF_inst/O
                         net (fo=1, routed)           0.699     1.136    clk_IBUF
    BUFGCTRL_X0Y16       BUFG (Prop_bufg_I_O)         0.029     1.165 r  clk_IBUF_BUFG_inst/O
                         net (fo=699, routed)         0.866     2.032    adaptive_accelerator_inst/performance_monitor_inst/CLK
    SLICE_X6Y108         FDRE                                         r  adaptive_accelerator_inst/performance_monitor_inst/output_pending_reg/C

Slack:                    inf
  Source:                 rst_n
                            (input port)
  Destination:            adaptive_accelerator_inst/compute_counter_reg[0]/D
                            (rising edge-triggered cell FDRE clocked by sys_clk  {rise@0.000ns fall@5.000ns period=10.000ns})
  Path Group:             (none)
  Path Type:              Hold (Min at Fast Process Corner)
  Data Path Delay:        1.440ns  (logic 0.320ns (22.198%)  route 1.120ns (77.802%))
  Logic Levels:           2  (IBUF=1 LUT4=1)
  Clock Path Skew:        2.036ns (DCD - SCD - CPR)
    Destination Clock Delay (DCD):    2.036ns
    Source Clock Delay      (SCD):    0.000ns
    Clock Pessimism Removal (CPR):    -0.000ns

    Location             Delay type                Incr(ns)  Path(ns)    Netlist Resource(s)
  -------------------------------------------------------------------    -------------------
    C12                                               0.000     0.000 r  rst_n (IN)
                         net (fo=0)                   0.000     0.000    rst_n
    C12                  IBUF (Prop_ibuf_I_O)         0.275     0.275 r  rst_n_IBUF_inst/O
                         net (fo=27, routed)          1.120     1.395    adaptive_accelerator_inst/rst_n_IBUF
    SLICE_X3Y104         LUT4 (Prop_lut4_I1_O)        0.045     1.440 r  adaptive_accelerator_inst/compute_counter[0]_i_1/O
                         net (fo=1, routed)           0.000     1.440    adaptive_accelerator_inst/compute_counter[0]_i_1_n_0
    SLICE_X3Y104         FDRE                                         r  adaptive_accelerator_inst/compute_counter_reg[0]/D
  -------------------------------------------------------------------    -------------------

                         (clock sys_clk rise edge)    0.000     0.000 r  
    E3                                                0.000     0.000 r  clk (IN)
                         net (fo=0)                   0.000     0.000    clk
    E3                   IBUF (Prop_ibuf_I_O)         0.438     0.438 r  clk_IBUF_inst/O
                         net (fo=1, routed)           0.699     1.136    clk_IBUF
    BUFGCTRL_X0Y16       BUFG (Prop_bufg_I_O)         0.029     1.165 r  clk_IBUF_BUFG_inst/O
                         net (fo=699, routed)         0.871     2.036    adaptive_accelerator_inst/CLK
    SLICE_X3Y104         FDRE                                         r  adaptive_accelerator_inst/compute_counter_reg[0]/C

Slack:                    inf
  Source:                 rst_n
                            (input port)
  Destination:            adaptive_accelerator_inst/compute_counter_reg[2]/D
                            (rising edge-triggered cell FDRE clocked by sys_clk  {rise@0.000ns fall@5.000ns period=10.000ns})
  Path Group:             (none)
  Path Type:              Hold (Min at Fast Process Corner)
  Data Path Delay:        1.441ns  (logic 0.320ns (22.182%)  route 1.121ns (77.818%))
  Logic Levels:           2  (IBUF=1 LUT6=1)
  Clock Path Skew:        2.036ns (DCD - SCD - CPR)
    Destination Clock Delay (DCD):    2.036ns
    Source Clock Delay      (SCD):    0.000ns
    Clock Pessimism Removal (CPR):    -0.000ns

    Location             Delay type                Incr(ns)  Path(ns)    Netlist Resource(s)
  -------------------------------------------------------------------    -------------------
    C12                                               0.000     0.000 r  rst_n (IN)
                         net (fo=0)                   0.000     0.000    rst_n
    C12                  IBUF (Prop_ibuf_I_O)         0.275     0.275 r  rst_n_IBUF_inst/O
                         net (fo=27, routed)          1.121     1.396    adaptive_accelerator_inst/rst_n_IBUF
    SLICE_X3Y104         LUT6 (Prop_lut6_I3_O)        0.045     1.441 r  adaptive_accelerator_inst/compute_counter[2]_i_1/O
                         net (fo=1, routed)           0.000     1.441    adaptive_accelerator_inst/compute_counter[2]_i_1_n_0
    SLICE_X3Y104         FDRE                                         r  adaptive_accelerator_inst/compute_counter_reg[2]/D
  -------------------------------------------------------------------    -------------------

                         (clock sys_clk rise edge)    0.000     0.000 r  
    E3                                                0.000     0.000 r  clk (IN)
                         net (fo=0)                   0.000     0.000    clk
    E3                   IBUF (Prop_ibuf_I_O)         0.438     0.438 r  clk_IBUF_inst/O
                         net (fo=1, routed)           0.699     1.136    clk_IBUF
    BUFGCTRL_X0Y16       BUFG (Prop_bufg_I_O)         0.029     1.165 r  clk_IBUF_BUFG_inst/O
                         net (fo=699, routed)         0.871     2.036    adaptive_accelerator_inst/CLK
    SLICE_X3Y104         FDRE                                         r  adaptive_accelerator_inst/compute_counter_reg[2]/C

Slack:                    inf
  Source:                 rst_n
                            (input port)
  Destination:            adaptive_accelerator_inst/compute_counter_reg[1]/D
                            (rising edge-triggered cell FDRE clocked by sys_clk  {rise@0.000ns fall@5.000ns period=10.000ns})
  Path Group:             (none)
  Path Type:              Hold (Min at Fast Process Corner)
  Data Path Delay:        1.443ns  (logic 0.323ns (22.360%)  route 1.120ns (77.640%))
  Logic Levels:           2  (IBUF=1 LUT5=1)
  Clock Path Skew:        2.036ns (DCD - SCD - CPR)
    Destination Clock Delay (DCD):    2.036ns
    Source Clock Delay      (SCD):    0.000ns
    Clock Pessimism Removal (CPR):    -0.000ns

    Location             Delay type                Incr(ns)  Path(ns)    Netlist Resource(s)
  -------------------------------------------------------------------    -------------------
    C12                                               0.000     0.000 r  rst_n (IN)
                         net (fo=0)                   0.000     0.000    rst_n
    C12                  IBUF (Prop_ibuf_I_O)         0.275     0.275 r  rst_n_IBUF_inst/O
                         net (fo=27, routed)          1.120     1.395    adaptive_accelerator_inst/rst_n_IBUF
    SLICE_X3Y104         LUT5 (Prop_lut5_I2_O)        0.048     1.443 r  adaptive_accelerator_inst/compute_counter[1]_i_1/O
                         net (fo=1, routed)           0.000     1.443    adaptive_accelerator_inst/compute_counter[1]_i_1_n_0
    SLICE_X3Y104         FDRE                                         r  adaptive_accelerator_inst/compute_counter_reg[1]/D
  -------------------------------------------------------------------    -------------------

                         (clock sys_clk rise edge)    0.000     0.000 r  
    E3                                                0.000     0.000 r  clk (IN)
                         net (fo=0)                   0.000     0.000    clk
    E3                   IBUF (Prop_ibuf_I_O)         0.438     0.438 r  clk_IBUF_inst/O
                         net (fo=1, routed)           0.699     1.136    clk_IBUF
    BUFGCTRL_X0Y16       BUFG (Prop_bufg_I_O)         0.029     1.165 r  clk_IBUF_BUFG_inst/O
                         net (fo=699, routed)         0.871     2.036    adaptive_accelerator_inst/CLK
    SLICE_X3Y104         FDRE                                         r  adaptive_accelerator_inst/compute_counter_reg[1]/C

Slack:                    inf
  Source:                 rst_n
                            (input port)
  Destination:            adaptive_accelerator_inst/rl_controller_inst/q_table_reg[7][0][15]/R
                            (rising edge-triggered cell FDRE clocked by sys_clk  {rise@0.000ns fall@5.000ns period=10.000ns})
  Path Group:             (none)
  Path Type:              Hold (Min at Fast Process Corner)
  Data Path Delay:        1.446ns  (logic 0.323ns (22.316%)  route 1.123ns (77.684%))
  Logic Levels:           2  (IBUF=1 LUT1=1)
  Clock Path Skew:        2.034ns (DCD - SCD - CPR)
    Destination Clock Delay (DCD):    2.034ns
    Source Clock Delay      (SCD):    0.000ns
    Clock Pessimism Removal (CPR):    -0.000ns

    Location             Delay type                Incr(ns)  Path(ns)    Netlist Resource(s)
  -------------------------------------------------------------------    -------------------
    C12                                               0.000     0.000 f  rst_n (IN)
                         net (fo=0)                   0.000     0.000    rst_n
    C12                  IBUF (Prop_ibuf_I_O)         0.275     0.275 f  rst_n_IBUF_inst/O
                         net (fo=27, routed)          0.944     1.218    riscv_core_inst/data_memory/rst_n_IBUF
    SLICE_X7Y107         LUT1 (Prop_lut1_I0_O)        0.048     1.266 r  riscv_core_inst/data_memory/pc[2]_i_1/O
                         net (fo=491, routed)         0.179     1.446    adaptive_accelerator_inst/rl_controller_inst/SR[0]
    SLICE_X7Y101         FDRE                                         r  adaptive_accelerator_inst/rl_controller_inst/q_table_reg[7][0][15]/R
  -------------------------------------------------------------------    -------------------

                         (clock sys_clk rise edge)    0.000     0.000 r  
    E3                                                0.000     0.000 r  clk (IN)
                         net (fo=0)                   0.000     0.000    clk
    E3                   IBUF (Prop_ibuf_I_O)         0.438     0.438 r  clk_IBUF_inst/O
                         net (fo=1, routed)           0.699     1.136    clk_IBUF
    BUFGCTRL_X0Y16       BUFG (Prop_bufg_I_O)         0.029     1.165 r  clk_IBUF_BUFG_inst/O
                         net (fo=699, routed)         0.868     2.034    adaptive_accelerator_inst/rl_controller_inst/CLK
    SLICE_X7Y101         FDRE                                         r  adaptive_accelerator_inst/rl_controller_inst/q_table_reg[7][0][15]/C

Slack:                    inf
  Source:                 rst_n
                            (input port)
  Destination:            adaptive_accelerator_inst/performance_monitor_inst/calc_pending_reg/D
                            (rising edge-triggered cell FDRE clocked by sys_clk  {rise@0.000ns fall@5.000ns period=10.000ns})
  Path Group:             (none)
  Path Type:              Hold (Min at Fast Process Corner)
  Data Path Delay:        1.459ns  (logic 0.320ns (21.907%)  route 1.139ns (78.093%))
  Logic Levels:           2  (IBUF=1 LUT4=1)
  Clock Path Skew:        2.033ns (DCD - SCD - CPR)
    Destination Clock Delay (DCD):    2.033ns
    Source Clock Delay      (SCD):    0.000ns
    Clock Pessimism Removal (CPR):    -0.000ns

    Location             Delay type                Incr(ns)  Path(ns)    Netlist Resource(s)
  -------------------------------------------------------------------    -------------------
    C12                                               0.000     0.000 r  rst_n (IN)
                         net (fo=0)                   0.000     0.000    rst_n
    C12                  IBUF (Prop_ibuf_I_O)         0.275     0.275 r  rst_n_IBUF_inst/O
                         net (fo=27, routed)          1.139     1.414    adaptive_accelerator_inst/performance_monitor_inst/rst_n_IBUF
    SLICE_X7Y104         LUT4 (Prop_lut4_I3_O)        0.045     1.459 r  adaptive_accelerator_inst/performance_monitor_inst/calc_pending_i_1/O
                         net (fo=1, routed)           0.000     1.459    adaptive_accelerator_inst/performance_monitor_inst/calc_pending_i_1_n_0
    SLICE_X7Y104         FDRE                                         r  adaptive_accelerator_inst/performance_monitor_inst/calc_pending_reg/D
  -------------------------------------------------------------------    -------------------

                         (clock sys_clk rise edge)    0.000     0.000 r  
    E3                                                0.000     0.000 r  clk (IN)
                         net (fo=0)                   0.000     0.000    clk
    E3                   IBUF (Prop_ibuf_I_O)         0.438     0.438 r  clk_IBUF_inst/O
                         net (fo=1, routed)           0.699     1.136    clk_IBUF
    BUFGCTRL_X0Y16       BUFG (Prop_bufg_I_O)         0.029     1.165 r  clk_IBUF_BUFG_inst/O
                         net (fo=699, routed)         0.867     2.033    adaptive_accelerator_inst/performance_monitor_inst/CLK
    SLICE_X7Y104         FDRE                                         r  adaptive_accelerator_inst/performance_monitor_inst/calc_pending_reg/C

Slack:                    inf
  Source:                 rst_n
                            (input port)
  Destination:            adaptive_accelerator_inst/performance_monitor_inst/monitoring_reg/D
                            (rising edge-triggered cell FDRE clocked by sys_clk  {rise@0.000ns fall@5.000ns period=10.000ns})
  Path Group:             (none)
  Path Type:              Hold (Min at Fast Process Corner)
  Data Path Delay:        1.459ns  (logic 0.320ns (21.907%)  route 1.139ns (78.093%))
  Logic Levels:           2  (IBUF=1 LUT4=1)
  Clock Path Skew:        2.033ns (DCD - SCD - CPR)
    Destination Clock Delay (DCD):    2.033ns
    Source Clock Delay      (SCD):    0.000ns
    Clock Pessimism Removal (CPR):    -0.000ns

    Location             Delay type                Incr(ns)  Path(ns)    Netlist Resource(s)
  -------------------------------------------------------------------    -------------------
    C12                                               0.000     0.000 r  rst_n (IN)
                         net (fo=0)                   0.000     0.000    rst_n
    C12                  IBUF (Prop_ibuf_I_O)         0.275     0.275 r  rst_n_IBUF_inst/O
                         net (fo=27, routed)          1.139     1.414    adaptive_accelerator_inst/performance_monitor_inst/rst_n_IBUF
    SLICE_X7Y104         LUT4 (Prop_lut4_I1_O)        0.045     1.459 r  adaptive_accelerator_inst/performance_monitor_inst/monitoring_i_1/O
                         net (fo=1, routed)           0.000     1.459    adaptive_accelerator_inst/performance_monitor_inst/monitoring_i_1_n_0
    SLICE_X7Y104         FDRE                                         r  adaptive_accelerator_inst/performance_monitor_inst/monitoring_reg/D
  -------------------------------------------------------------------    -------------------

                         (clock sys_clk rise edge)    0.000     0.000 r  
    E3                                                0.000     0.000 r  clk (IN)
                         net (fo=0)                   0.000     0.000    clk
    E3                   IBUF (Prop_ibuf_I_O)         0.438     0.438 r  clk_IBUF_inst/O
                         net (fo=1, routed)           0.699     1.136    clk_IBUF
    BUFGCTRL_X0Y16       BUFG (Prop_bufg_I_O)         0.029     1.165 r  clk_IBUF_BUFG_inst/O
                         net (fo=699, routed)         0.867     2.033    adaptive_accelerator_inst/performance_monitor_inst/CLK
    SLICE_X7Y104         FDRE                                         r  adaptive_accelerator_inst/performance_monitor_inst/monitoring_reg/C

Slack:                    inf
  Source:                 rst_n
                            (input port)
  Destination:            adaptive_accelerator_inst/performance_monitor_inst/utilization_next_reg__19/R
                            (rising edge-triggered cell FDRE clocked by sys_clk  {rise@0.000ns fall@5.000ns period=10.000ns})
  Path Group:             (none)
  Path Type:              Hold (Min at Fast Process Corner)
  Data Path Delay:        1.459ns  (logic 0.320ns (21.903%)  route 1.140ns (78.097%))
  Logic Levels:           2  (IBUF=1 LUT5=1)
  Clock Path Skew:        2.035ns (DCD - SCD - CPR)
    Destination Clock Delay (DCD):    2.035ns
    Source Clock Delay      (SCD):    0.000ns
    Clock Pessimism Removal (CPR):    -0.000ns

    Location             Delay type                Incr(ns)  Path(ns)    Netlist Resource(s)
  -------------------------------------------------------------------    -------------------
    C12                                               0.000     0.000 f  rst_n (IN)
                         net (fo=0)                   0.000     0.000    rst_n
    C12                  IBUF (Prop_ibuf_I_O)         0.275     0.275 f  rst_n_IBUF_inst/O
                         net (fo=27, routed)          0.944     1.218    adaptive_accelerator_inst/performance_monitor_inst/rst_n_IBUF
    SLICE_X7Y107         LUT5 (Prop_lut5_I4_O)        0.045     1.263 r  adaptive_accelerator_inst/performance_monitor_inst/utilization_next_i_1/O
                         net (fo=28, routed)          0.196     1.459    adaptive_accelerator_inst/performance_monitor_inst/utilization_next_i_1_n_0
    SLICE_X2Y107         FDRE                                         r  adaptive_accelerator_inst/performance_monitor_inst/utilization_next_reg__19/R
  -------------------------------------------------------------------    -------------------

                         (clock sys_clk rise edge)    0.000     0.000 r  
    E3                                                0.000     0.000 r  clk (IN)
                         net (fo=0)                   0.000     0.000    clk
    E3                   IBUF (Prop_ibuf_I_O)         0.438     0.438 r  clk_IBUF_inst/O
                         net (fo=1, routed)           0.699     1.136    clk_IBUF
    BUFGCTRL_X0Y16       BUFG (Prop_bufg_I_O)         0.029     1.165 r  clk_IBUF_BUFG_inst/O
                         net (fo=699, routed)         0.870     2.035    adaptive_accelerator_inst/performance_monitor_inst/CLK
    SLICE_X2Y107         FDRE                                         r  adaptive_accelerator_inst/performance_monitor_inst/utilization_next_reg__19/C

Slack:                    inf
  Source:                 rst_n
                            (input port)
  Destination:            adaptive_accelerator_inst/performance_monitor_inst/utilization_next_reg__20/R
                            (rising edge-triggered cell FDRE clocked by sys_clk  {rise@0.000ns fall@5.000ns period=10.000ns})
  Path Group:             (none)
  Path Type:              Hold (Min at Fast Process Corner)
  Data Path Delay:        1.459ns  (logic 0.320ns (21.903%)  route 1.140ns (78.097%))
  Logic Levels:           2  (IBUF=1 LUT5=1)
  Clock Path Skew:        2.035ns (DCD - SCD - CPR)
    Destination Clock Delay (DCD):    2.035ns
    Source Clock Delay      (SCD):    0.000ns
    Clock Pessimism Removal (CPR):    -0.000ns

    Location             Delay type                Incr(ns)  Path(ns)    Netlist Resource(s)
  -------------------------------------------------------------------    -------------------
    C12                                               0.000     0.000 f  rst_n (IN)
                         net (fo=0)                   0.000     0.000    rst_n
    C12                  IBUF (Prop_ibuf_I_O)         0.275     0.275 f  rst_n_IBUF_inst/O
                         net (fo=27, routed)          0.944     1.218    adaptive_accelerator_inst/performance_monitor_inst/rst_n_IBUF
    SLICE_X7Y107         LUT5 (Prop_lut5_I4_O)        0.045     1.263 r  adaptive_accelerator_inst/performance_monitor_inst/utilization_next_i_1/O
                         net (fo=28, routed)          0.196     1.459    adaptive_accelerator_inst/performance_monitor_inst/utilization_next_i_1_n_0
    SLICE_X2Y107         FDRE                                         r  adaptive_accelerator_inst/performance_monitor_inst/utilization_next_reg__20/R
  -------------------------------------------------------------------    -------------------

                         (clock sys_clk rise edge)    0.000     0.000 r  
    E3                                                0.000     0.000 r  clk (IN)
                         net (fo=0)                   0.000     0.000    clk
    E3                   IBUF (Prop_ibuf_I_O)         0.438     0.438 r  clk_IBUF_inst/O
                         net (fo=1, routed)           0.699     1.136    clk_IBUF
    BUFGCTRL_X0Y16       BUFG (Prop_bufg_I_O)         0.029     1.165 r  clk_IBUF_BUFG_inst/O
                         net (fo=699, routed)         0.870     2.035    adaptive_accelerator_inst/performance_monitor_inst/CLK
    SLICE_X2Y107         FDRE                                         r  adaptive_accelerator_inst/performance_monitor_inst/utilization_next_reg__20/C

Slack:                    inf
  Source:                 rst_n
                            (input port)
  Destination:            adaptive_accelerator_inst/performance_monitor_inst/utilization_next_reg__21/R
                            (rising edge-triggered cell FDRE clocked by sys_clk  {rise@0.000ns fall@5.000ns period=10.000ns})
  Path Group:             (none)
  Path Type:              Hold (Min at Fast Process Corner)
  Data Path Delay:        1.459ns  (logic 0.320ns (21.903%)  route 1.140ns (78.097%))
  Logic Levels:           2  (IBUF=1 LUT5=1)
  Clock Path Skew:        2.035ns (DCD - SCD - CPR)
    Destination Clock Delay (DCD):    2.035ns
    Source Clock Delay      (SCD):    0.000ns
    Clock Pessimism Removal (CPR):    -0.000ns

    Location             Delay type                Incr(ns)  Path(ns)    Netlist Resource(s)
  -------------------------------------------------------------------    -------------------
    C12                                               0.000     0.000 f  rst_n (IN)
                         net (fo=0)                   0.000     0.000    rst_n
    C12                  IBUF (Prop_ibuf_I_O)         0.275     0.275 f  rst_n_IBUF_inst/O
                         net (fo=27, routed)          0.944     1.218    adaptive_accelerator_inst/performance_monitor_inst/rst_n_IBUF
    SLICE_X7Y107         LUT5 (Prop_lut5_I4_O)        0.045     1.263 r  adaptive_accelerator_inst/performance_monitor_inst/utilization_next_i_1/O
                         net (fo=28, routed)          0.196     1.459    adaptive_accelerator_inst/performance_monitor_inst/utilization_next_i_1_n_0
    SLICE_X2Y107         FDRE                                         r  adaptive_accelerator_inst/performance_monitor_inst/utilization_next_reg__21/R
  -------------------------------------------------------------------    -------------------

                         (clock sys_clk rise edge)    0.000     0.000 r  
    E3                                                0.000     0.000 r  clk (IN)
                         net (fo=0)                   0.000     0.000    clk
    E3                   IBUF (Prop_ibuf_I_O)         0.438     0.438 r  clk_IBUF_inst/O
                         net (fo=1, routed)           0.699     1.136    clk_IBUF
    BUFGCTRL_X0Y16       BUFG (Prop_bufg_I_O)         0.029     1.165 r  clk_IBUF_BUFG_inst/O
                         net (fo=699, routed)         0.870     2.035    adaptive_accelerator_inst/performance_monitor_inst/CLK
    SLICE_X2Y107         FDRE                                         r  adaptive_accelerator_inst/performance_monitor_inst/utilization_next_reg__21/C





